Date,Total_Value,Market_Weather,Index,Long_only
2019-01-02,96754246,60.36203761,56754246,96754246
2019-01-03,96602859,60.25981019,56602859,96602859
2019-01-04,96999657,61.40878876,56999657,96999657
2019-01-07,97880593,62.68855695,57880593,97880593
2019-01-08,97513354,62.22541089,57513354,97513354
2019-01-09,98607629,63.60107436,58607629,98607629
2019-01-10,98573205,63.40183311,58573205,98573205
2019-01-11,98839377,63.66543183,58839377,98839377
2019-01-14,98480904,62.71471214,58480904,98480904
2019-01-15,99608239,63.50584325,59608239,99608239
2019-01-16,99978431,63.84928879,59978431,99978431
2019-01-17,100170958,63.3209845,60170958,100170958
2019-01-18,100417912,64.18354061,60417912,100417912
2019-01-21,100137393,63.67847706,60137393,100137393
2019-01-22,100117880,62.99824936,60117880,100117880
2019-01-23,100457649,63.28223604,60457649,100457649
2019-01-24,100730286,64.30788885,60730286,100730286
2019-01-25,101647715,64.93498929,61647715,101647715
2019-01-28,101502857,64.27548044,61502857,101502857
2019-01-29,101685655,64.10700226,61685655,101685655
2019-01-30,102246647,63.32479304,62246647,102246647
2019-01-31,102187140,64.29986179,62187140,102187140
2019-02-01,102108578,64.58870171,62108578,102108578
2019-02-07,102068189,64.49754834,62068189,102068189
2019-02-08,101471737,63.32805806,61471737,101471737
2019-02-11,101670640,63.31401188,61670640,101670640
2019-02-12,101801709,63.54547893,61801709,101801709
2019-02-13,102243019,63.12322611,62243019,102243019
2019-02-14,102795223,65.49304956,62795223,102795223
2019-02-15,102004154,63.87229452,62004154,102004154
2019-02-18,102532798,64.25187701,62532798,102532798
2019-02-19,102288497,63.25818392,62288497,102288497
2019-02-20,102977002,64.44556358,62977002,102977002
2019-02-21,103007185,64.37325562,63007185,103007185
2019-02-22,102916772,64.58778956,62916772,102916772
2019-02-25,102884419,64.23415958,62884419,102884419
2019-02-26,102712300,63.88203094,62712300,102712300
2019-02-27,103106173,64.15767344,63106173,103106173
2019-02-28,102466311,61.87644657,62466311,102466311
2019-03-04,101968751,62.04882254,61968751,101968751
2019-03-05,101636103,61.8009736,61636103,101636103
2019-03-06,101797214,61.81095949,61797214,101797214
2019-03-07,101310831,61.40503355,61310831,101310831
2019-03-08,100381690,59.85481518,60381690,100381690
2019-03-11,100364760,59.56157336,60364760,100364760
2019-03-12,100696773,61.05848142,60696773,100696773
2019-03-13,100499327,60.57217925,60499327,100499327
2019-03-14,100667427,61.49841211,60667427,100667427
2019-03-15,101418720,62.5082197,61418720,101418720
2019-03-18,101750093,62.34752464,61750093,101750093
2019-03-19,101638334,62.40483531,61638334,101638334
2019-03-20,101553189,61.99454296,61553189,101553189
2019-03-21,101551470,62.5733935,61551470,101551470
2019-03-22,101524307,62.88052236,61524307,101524307
2019-03-25,100268504,59.69868206,60268504,100268504
2019-03-26,100494757,60.03521859,60494757,100494757
2019-03-27,100455649,60.04000331,60455649,100455649
2019-03-28,100135023,59.20460113,60135023,100135023
2019-03-29,100377051,60.18522725,60377051,100377051
2019-04-01,101296103,61.63959683,61296103,101296103
2019-04-02,101400165,62.25478046,61400165,101400165
2019-04-03,102162478,63.20851985,62162478,102162478
2019-04-04,102165886,63.03342451,62165886,102165886
2019-04-05,102297960,63.10761309,62297960,102297960
2019-04-08,102412380,63.44489499,62412380,102412380
2019-04-09,102497262,63.88172583,62497262,102497262
2019-04-10,102741661,49.98724392,62741661,102741661
2019-04-11,102811097.1,64.75862374,62815187,102815187
2019-04-12,99846635,64.91431963,62792830,102792830
2019-04-15,100198975,64.76659219,63223108,103223108
2019-04-16,100387523,65.07730944,63431829,103431829
2019-04-17,100359265,64.89429609,63426285,103426285
2019-04-18,97054409,63.47839916,62784458,102784458
2019-04-19,97085931,63.83149052,62700255,102700255
2019-04-22,97226481,63.43269046,62766193,102766193
2019-04-23,97383447,63.65399243,62881806,102881806
2019-04-24,97405616,62.73365841,62515731,102515731
2019-04-25,97037271,62.30046444,62102209,102102209
2019-04-26,96418532,61.78451932,61569630,101569630
2019-04-29,97470591,62.92880801,62475863,102475863
2019-04-30,97084051,62.36985427,61967029,101967029
2019-05-02,97268653,62.30675256,62323113,102323113
2019-05-03,96928729,61.81359241,61862689,101862689
2019-05-07,96570324,60.2164936,61571010,101571010
2019-05-08,96434379,58.9106584,61302149,101302149
2019-05-09,94562497,54.53936091,59429194,99429194
2019-05-10,94968209,54.64886107,59718750,99718750
2019-05-13,94455261,53.79340468,58960275,98960275
2019-05-14,94014763,54.24688653,58795983,98795983
2019-05-15,93848760,55.87434025,59067999,99067999
2019-05-16,93242020,55.03664009,58433295,98433295
2019-05-17,92843616,55.1303667,58186866,98186866
2019-05-20,93017242,55.29885425,58169222,98169222
2019-05-21,92673530,55.74958121,58210529,98210529
2019-05-22,92638330,55.56957246,58173634,98173634
2019-05-23,92609281,55.19638667,58050721,98050721
2019-05-24,92866226,54.52683076,57902799,97902799
2019-05-27,93181240,54.24419508,57978253,97978253
2019-05-28,93265260,54.56165548,57809417,97809417
2019-05-29,92544295,53.46462194,57178319,97178319
2019-05-30,93379702,54.66571594,57779845,97779845
2019-05-31,93562370,54.338349,57783402,97783402
2019-06-03,95007310,55.40249153,58754364,98754364
2019-06-04,94725082,55.4049448,58728906,98728906
2019-06-05,94887072,56.30664023,58623664,98623664
2019-06-07,94681875,57.01851531,58500290,98500290
2019-06-10,95539418,58.74648306,59322627,99322627
2019-06-11,95876188,59.28983924,59670359,99670359
2019-06-12,95469038,59.11046657,59495864,99495864
2019-06-13,95327387,58.99384121,59164416,99164416
2019-06-14,94975413,59.14250257,58936500,98936500
2019-06-17,94724850,58.78060421,58804158,98804158
2019-06-18,94901902,59.22319646,59101798,99101798
2019-06-19,95190635,60.32740667,59573549,99573549
2019-06-20,95497606,61.18093066,59626954,99626954
2019-06-21,95522023,60.9127459,59511757,99511757
2019-06-24,95860183,60.49611046,59718169,99718169
2019-06-25,95517171,60.27686673,59586799,99586799
2019-06-26,95521123,60.35169593,59585061,99585061
2019-06-27,95555536,60.92552579,59931753,99931753
2019-06-28,95038979,60.41991556,59620456,99620456
2019-07-01,94770412,60.74224969,59439205,99439205
2019-07-02,94258208,60.97939073,59262633,99262633
2019-07-03,94141496,59.9708518,58679437,98679437
2019-07-04,94686395,60.74501794,59275900,99275900
2019-07-05,95185821,60.78326649,59325591,99325591
2019-07-08,94026000,57.98079526,58292968,98292968
2019-07-09,93735601,57.58341833,57921568,97921568
2019-07-10,93597137,57.69106677,57988115,97988115
2019-07-11,94209259,59.04622313,58453766,98453766
2019-07-12,94370561,60.20038401,58737891,98737891
2019-07-15,94206030,59.84768953,58745684,98745684
2019-07-16,93783783,60.55297708,58796871,98796871
2019-07-17,93537943,59.43511169,58590065,98590065
2019-07-18,93671405,58.55136108,58343234,98343234
2019-07-19,94141913,60.06942218,59018293,99018293
2019-07-22,93889150,59.49704575,58841271,98841271
2019-07-23,94340448,60.13770442,59397247,99397247
2019-07-24,94138317,58.88441114,59038120,99038120
2019-07-25,94543949,58.28632646,58754169,98754169
2019-07-26,94668370,57.75713151,58615697,98615697
2019-07-29,93943272,55.80218117,57946487,97946487
2019-07-30,93991574,56.26849009,58101085,98101085
2019-07-31,93581851,55.51213322,57756591,97756591
2019-08-01,93113733,55.33640426,57504592,97504592
2019-08-02,93288827,54.03037179,56933697,96933697
2019-08-05,92532177,49.72945219,55884442,95884442
2019-08-06,91936006.28,47.51477125,55005292,95005292
2019-08-07,89823480,48.47989361,54752448,94752448
2019-08-08,89935662,51.21731027,54831982,94831982
2019-08-09,90242230,52.37321685,55354162,95354162
2019-08-12,90180205,53.05044303,55341797,95341797
2019-08-13,89686779,50.95421627,54727556,94727556
2019-08-14,90072271,52.43499553,55258517,95258517
2019-08-16,89773661,51.31357199,54929100,94929100
2019-08-19,90139835,52.41022595,55264307,95264307
2019-08-20,90575150,54.40417796,55803500,95803500
2019-08-21,90631972,54.49631757,55828228,95828228
2019-08-22,90259516,54.03525666,55415007,95415007
2019-08-23,90382524,53.76703338,55532858,95532858
2019-08-26,89550038,51.26122055,54650871,94650871
2019-08-27,89631536,52.24071019,54810932,94810932
2019-08-28,90021094,53.13645998,55316469,95316469
2019-08-29,89857607,52.68156663,55090670,95090670
2019-08-30,90918940,54.92868413,56144516,96144516
2019-09-02,90886612,54.75442937,56163521,96163521
2019-09-03,90965242,54.41698092,56093295,96093295
2019-09-04,91298747,55.8085154,56494443,96494443
2019-09-05,91661791,57.20519966,56790940,96790940
2019-09-06,91690497,57.85052835,56854371,96854371
2019-09-09,91985000,58.41716479,57203357,97203357
2019-09-10,92592132,59.67802891,57623101,97623101
2019-09-11,93044222,60.29027758,58069888,98069888
2019-09-16,93605379,60.07741374,58487055,98487055
2019-09-17,93539706,59.96032663,58525628,98525628
2019-09-18,93386790,60.22409665,58511071,98511071
2019-09-19,93338838,61.01662675,58529751,98529751
2019-09-20,93824324,61.60142089,59011079,99011079
2019-09-23,93776271,61.12953514,59104058,99104058
2019-09-24,94106833,61.50995688,59453600,99453600
2019-09-25,93443565,59.78842021,58717676,98717676
2019-09-26,93303611,60.34373238,58523432,98523432
2019-09-27,92711332,59.66225417,57856812,97856812
2019-09-30,92893392,59.96184645,58103243,98103243
2019-10-01,93264299,60.56962116,58390157,98390157
2019-10-02,92323528,58.3570079,57277642,97277642
2019-10-04,91955720,57.66870465,56796717,96796717
2019-10-07,92246981,57.86213849,57154614,97154614
2019-10-08,92761018,59.5699559,57758857,97758857
2019-10-10,92073930,58.76350407,57207255,97207255
2019-10-11,92828503,60.08123427,57792410,97792410
2019-10-14,93224627,61.40489825,58137226,98137226
2019-10-15,93068076,61.87071073,57922807,97922807
2019-10-16,93362372,62.86171668,58232345,98232345
2019-10-17,93292960,62.64080599,58182084,98182084
2019-10-18,92827921,61.60208829,57736057,97736057
2019-10-21,92878241,61.73253557,57796764,97796764
2019-10-22,93389687,63.15384399,58335117,98335117
2019-10-23,93187752,62.68262807,58161514,98161514
2019-10-24,93797128,62.8717545,58694660,98694660
2019-10-25,93622725,62.77301649,58597557,98597557
2019-10-28,93607684,62.80910886,58630784,98630784
2019-10-29,93707070,62.8736928,58701963,98701963
2019-10-30,93734701,62.10150932,58676793,98676793
2019-10-31,93958673,62.41657334,58850379,98850379
2019-11-01,94501879,63.31983103,59442568,99442568
2019-11-04,94914942,64.35184669,59905765,99905765
2019-11-05,95279529,64.7180151,60314983,100314983
2019-11-06,95096503,64.37682073,60195469,100195469
2019-11-07,95227633,64.45021044,60382889,100382889
2019-11-08,95260021,64.11105685,60342395,100342395
2019-11-11,94915221,63.23346304,60017791,100017791
2019-11-12,95171843,64.2535692,60368715,100368715
2019-11-13,94413468,63.34243758,59594351,99594351
2019-11-14,95064504,64.26662222,60325475,100325475
2019-11-15,95572222,65.29593063,60901230,100901230
2019-11-18,95714423,64.96858974,61053378,101053378
2019-11-19,92274780,64.47496418,60802612,100802612
2019-11-20,91840705,62.9187306,60399767,100399767
2019-11-21,91432210,61.5052759,59815446,99815446
2019-11-22,91371335,62.20835359,59858190,99858190
2019-11-25,92053720,62.96916932,60449490,100449490
2019-11-26,91648371,62.63210054,60127437,100127437
2019-11-27,91804527,63.13606879,60311774,100311774
2019-11-28,91761636,62.81530718,60305005,100305005
2019-11-29,90978946,61.49278593,59385207,99385207
2019-12-02,91275824,61.62016497,59593785,99593785
2019-12-03,91238012,61.08062111,59573581,99573581
2019-12-04,90983370,60.42016024,59137916,99137916
2019-12-05,90332128,59.96986528,58788889,98788889
2019-12-06,90984116,61.24825242,59326496,99326496
2019-12-09,91247978,61.7263468,59536665,99536665
2019-12-10,91559341,62.28258916,59871148,99871148
2019-12-11,91766147,62.48076556,60052223,100052223
2019-12-12,92433680,63.63382336,60834334,100834334
2019-12-13,92977233,65.01102358,61600433,101600433
2019-12-16,93109334,64.73718844,61541408,101541408
2019-12-17,93707771,65.85965685,62014448,102014448
2019-12-18,93688156,65.79874124,62265506,102265506
2019-12-19,93548714,65.65072853,62321196,102321196
2019-12-20,93806033,65.98013911,62538542,102538542
2019-12-23,93791779,65.20494127,62666694,102666694
2019-12-24,93578480,64.80914166,62308295,102308295
2019-12-26,93583725,64.81416407,62286945,102286945
2019-12-27,93422719,65.05618376,62094470,102094470
2019-12-30,93533518,64.34798584,61988925,101988925
2020-01-02,92712902,62.94176092,61101616,101101616
2020-01-03,92714148,62.6259208,61075678,101075678
2020-01-06,92245276,61.85674216,60501143,100501143
2020-01-07,93095349,63.28424379,61184754,101184754
2020-01-08,92110505,61.68382945,60095355,100095355
2020-01-09,92628516,64.91133339,60627907,100627907
2020-01-10,93085910,66.22671802,61166855,101166855
2020-01-13,94064996,66.64782919,61870302,101870302
2020-01-14,94670501,66.83252272,62444373,102444373
2020-01-15,94569921,66.5311396,62296607,102296607
2020-01-16,94800113,66.9486823,62512983,102512983
2020-01-17,94728706,66.98172927,62467218,102467218
2020-01-20,94707057,67.33715238,62876810,102876810
2020-01-21,93880945,65.81180711,62215204,102215204
2020-01-22,94689178,66.89150569,62985843,102985843
2020-01-23,94417959,65.25111925,62731454,102731454
2020-01-28,92559455,60.25011866,60854574,100854574
2020-01-29,92652329,61.67904145,61056275,101056275
2020-01-30,91979753,59.21349192,60373832,100373832
2020-01-31,91360687,57.47564098,59594840,99594840
2020-02-03,91106169,57.51764111,59292817,99292817
2020-02-04,92079847,59.77471384,60332224,100332224
2020-02-05,92253721,60.21876344,60640790,100640790
2020-02-06,93726519,62.87069562,62263548,102263548
2020-02-07,93338673,62.50190909,61859482,101859482
2020-02-10,93196123,61.52707764,61728289,101728289
2020-02-11,93921202,62.36983156,62598358,102598358
2020-02-12,94383365,63.88172671,63017301,103017301
2020-02-13,94043423,63.85627205,62661124,102661124
2020-02-14,94375804,64.06855849,62837573,102837573
2020-02-17,94432952,63.7249965,62842281,102842281
2020-02-18,93738247,61.5754002,62122791,102122791
2020-02-19,93637437,61.66056234,61959315,101959315
2020-02-20,93196577,61.04855702,61551127,101551127
2020-02-21,92497692,58.58626109,60690566,100690566
2020-02-24,90391865,52.44521553,58361470,98361470
2020-02-25,90901903,54.23329079,58701222,98701222
2020-02-26,90189828,51.43954358,57938948,97938948
2020-02-27,89508870,49.38901718,57298709,97298709
2020-02-28,87731553.34,41.47201287,55276825,95276825
2020-03-02,84945860,43.28521741,55367903,95367903
2020-03-03,85131412,46.56328611,55583062,95583062
2020-03-04,86079727,50.66790159,56621744,96621744
2020-03-05,86699101,54.30865182,57310146,97310146
2020-03-06,85568852,49.72685048,55922902,95922902
2020-03-09,83652536,39.75591762,53416650,93416650
2020-03-10,83996479,41.56630695,53663328,93663328
2020-03-11,83226122,37.65280333,52652533,92652533
2020-03-12,81574913,30.94789245,50673841,90673841
2020-03-13,80444837,20.48381917,49199978,89199978
2020-03-16,78792740,10.51235945,47069815,87069815
2020-03-17,77810132,9.901397036,45617228,85617228
2020-03-18,76082111,9.175064988,43461566,83461566
2020-03-19,73398929,0,40017918,80017918
2020-03-20,75786018,11.89112513,43126169,83126169
2020-03-23,74261627,8.308954486,41020640,81020640
2020-03-24,76921895,21.00955735,44562161,84562161
2020-03-25,79331191,28.89431064,47687508,87687508
2020-03-26,78534703,26.15518743,46782492,86782492
2020-03-27,79223277,26.58353992,47862451,87862451
2020-03-30,79008705,27.17111413,47418002,87418002
2020-03-31,79587173,34.3726883,48180092,88180092
2020-04-01,78121892,31.3208095,46184392,86184392
2020-04-02,79195324,35.6886449,47412980,87412980
2020-04-03,78978205,37.86716682,47260218,87260218
2020-04-06,80393553,46.58317132,48941002,88941002
2020-04-07,80988851,49.85060824,49721589,89721589
2020-04-08,80753990,46.48370526,49298773,89298773
2020-04-09,81400326,51.59039983,50190425,90190425
2020-04-10,82197456,52.58915284,51346206,91346206
2020-04-13,81346654,48.54105658,50310771,90310771
2020-04-14,82153005,53.04843603,51200124,91200124
2020-04-16,82187556,54.3868171,51125017,91125017
2020-04-17,83292714,59.56468386,52582270,92582270
2020-04-20,83129098,57.75413691,52191327,92191327
2020-04-21,83016482,54.74877089,51843218,91843218
2020-04-22,83272450,55.71454118,52157412,92157412
2020-04-23,84032164,58.45422326,52918734,92918734
2020-04-24,83145691,55.37451609,51987138,91987138
2020-04-27,83994832,58.93709166,53134474,93134474
2020-04-28,84189278,61.71586899,53400296,93400296
2020-04-29,84512156,64.2061399,53827680,93827680
2020-05-04,83088171,57.82493193,52183298,92183298
2020-05-06,83892923,63.0631326,53216830,93216830
2020-05-07,84035462,63.70694522,53201622,93201622
2020-05-08,84359850,66.56689722,53718150,93718150
2020-05-11,84047688,65.89059469,53279642,93279642
2020-05-12,80623274,66.77079148,52835785,92835785
2020-05-13,80736832,69.16369687,53484863,93484863
2020-05-14,80287854,67.68480818,52789271,92789271
2020-05-15,80273304,67.59687101,52802921,92802921
2020-05-18,80527796,67.91722648,53085764,93085764
2020-05-19,81859152,71.21941563,54639056,94639056
2020-05-20,81883958,71.74203066,54863481,94863481
2020-05-21,81981996,73.09805846,55058561,95058561
2020-05-22,81406864,68.55121034,54431354,94431354
2020-05-25,81978588,71.37594107,55423001,95423001
2020-05-26,82653506,73.6906466,56859076,96859076
2020-05-27,82579270,72.90903085,56455763,96455763
2020-05-28,82607186,71.73195914,56394218,96394218
2020-05-29,82633376,70.8336643,56228277,96228277
2020-06-01,83602676,72.09486162,57380568,97380568
2020-06-02,84223390,72.26026842,58220940,98220940
2020-06-03,85505610,73.15606295,59733918,99733918
2020-06-04,85343558,72.75936699,59711864,99711864
2020-06-05,85836532,73.46302898,60574642,100574642
2020-06-08,86106754,71.49294267,60859191,100859191
2020-06-09,85739866,71.9687849,60703487,100703487
2020-06-10,85596892,72.12789123,60773492,100773492
2020-06-11,84919382,70.34235256,60293699,100293699
2020-06-12,83892936,63.32561796,59304166,99304166
2020-06-15,82070958,53.84730329,56791755,96791755
2020-06-16,84176438,60.69872,59892830,99892830
2020-06-17,84094818,59.69979048,60198241,100198241
2020-06-18,83876766,59.09267202,59694088,99694088
2020-06-19,83999250,61.99433441,59904186,99904186
2020-06-22,83608846,61.44604637,59400163,99400163
2020-06-23,83594216,63.38096471,59708831,99708831
2020-06-24,84167750,65.68279385,60504742,100504742
2020-06-25,83070888,61.44588855,58878054,98878054
2020-06-26,83766348,64.24286509,59537566,99537566
2020-06-29,82992072,60.22600007,58238987,98238987
2020-06-30,83511940,62.80006207,58688817,98688817
2020-07-01,83862662,63.70197208,58781971,98781971
2020-07-02,84307706,66.69827822,59564739,99564739
2020-07-03,84201532,69.33387815,59694863,99694863
2020-07-06,84756712,71.06840813,60468343,100468343
2020-07-07,84101932,69.3447495,60055213,100055213
2020-07-08,84004948,68.79248535,59714860,99714860
2020-07-09,83880066,70.29026127,59830817,99830817
2020-07-10,83347684,68.32867182,59244973,99244973
2020-07-13,84127614,70.53659174,60471390,100471390
2020-07-14,84328312,69.59195311,60480383,100480383
2020-07-15,84867920,70.82005771,61045059,101045059
2020-07-16,84772062,70.15505064,60549285,100549285
2020-07-17,85019944,71.64576086,60907548,100907548
2020-07-20,84938100,71.41152853,60834991,100834991
2020-07-21,85241702,73.49938732,61417348,101417348
2020-07-22,85125566,73.63679995,61424602,101424602
2020-07-23,84875678,72.9460012,61159351,101159351
2020-07-24,84478328,71.07180053,60532286,100532286
2020-07-27,84815468,71.26337456,60870264,100870264
2020-07-28,85509550,72.69546199,61662087,101662087
2020-07-29,86103136,72.52971048,62043371,102043371
2020-07-30,86365086,72.96217232,62056212,102056212
2020-07-31,86025086,71.65839246,61806269,101806269
2020-08-03,85872598,71.7050681,62273472,102273472
2020-08-04,86686416,73.62535368,63116269,103116269
2020-08-05,87206866,75.42692796,64665022,104665022
2020-08-06,88088994,76.08580465,65839227,105839227
2020-08-07,88504140,76.31113292,66691762,106691762
2020-08-10,90423234,76.80729062,68215105,108215105
2020-08-11,91014406,77.88822394,69274069,109274069
2020-08-12,91405652,78.38863359,69711135,109711135
2020-08-13,92424074,79.07140697,70093504,110093504
2020-08-14,91514826,77.48147021,68780343,108780343
2020-08-18,89367548,73.04627881,66601492,106601492
2020-08-19,89978278,74.10378134,67189947,107189947
2020-08-20,88069512,67.79214035,64603394,104603394
2020-08-21,89073452,69.93775759,65908780,105908780
2020-08-24,89736588,71.0647147,66679854,106679854
2020-08-25,90612792,73.59465378,67787655,107787655
2020-08-26,90537952,72.76875875,67905196,107905196
2020-08-27,89898496,70.13834664,67262301,107262301
2020-08-28,90087880,70.87016428,67608007,107608007
2020-08-31,89629480,68.52131758,66620883,106620883
2020-09-01,90163448,69.33271265,67350898,107350898
2020-09-02,89965010,70.79315865,67415318,107415318
2020-09-03,90287884,72.57931101,68270691,108270691
2020-09-04,89409466,69.29393047,67193106,107193106
2020-09-07,89790428,71.30522066,67025747,107025747
2020-09-08,90021610,73.2956764,67286981,107286981
2020-09-09,89566782,71.37768593,66789662,106789662
2020-09-10,89878080,73.97411315,67278378,107278378
2020-09-11,90236842,74.07834157,67351883,107351883
2020-09-14,91196492,75.29734413,68274069,108274069
2020-09-15,91314988,75.85459676,68796232,108796232
2020-09-16,91221990,75.19075854,68488731,108488731
2020-09-17,91024906,72.72540701,67931725,107931725
2020-09-18,90914284,73.26599316,68001935,108001935
2020-09-21,90745686,70.7064729,67634873,107634873
2020-09-22,89547106,66.85690322,66160545,106160545
2020-09-23,89474916,67.15615025,65939483,105939483
2020-09-24,88294646,62.68375702,64239761,104239761
2020-09-25,88403612,63.67172306,64485189,104485189
2020-09-28,89099502,65.54640237,65192824,105192824
2020-09-29,89728876,66.84627259,65831067,105831067
2020-10-05,90802356,68.04064606,67001914,107001914
2020-10-06,90803150,69.46249658,67153018,107153018
2020-10-07,91108050,70.66335623,67783444,107783444
2020-10-08,91179956,71.09762068,67802946,107802946
2020-10-12,91120270,71.84448357,67589166,107589166
2020-10-13,91274902,71.61976502,67602580,107602580
2020-10-14,90396116,70.06016917,66736383,106736383
2020-10-15,90260470,68.76159415,66187289,106187289
2020-10-16,89845372,67.39243279,65671066,105671066
2020-10-19,89825092,67.03060749,65505739,105505739
2020-10-20,90114768,67.58183684,66102153,106102153
2020-10-21,90295546,68.15971738,66244826,106244826
2020-10-22,90331534,66.90316255,66048762,106048762
2020-10-23,90625868,67.49577279,66294866,106294866
2020-10-26,90929570,65.88209698,66280950,106280950
2020-10-27,91243532,64.75783097,66314819,106314819
2020-10-28,91369276,65.40290964,66817064,106817064
2020-10-29,90431762,62.51487695,66112458,106112458
2020-10-30,89001118,55.382944,64324302,104324302
2020-11-02,89575398,59.28220215,65313087,105313087
2020-11-03,90196004,62.51757568,66364102,106364102
2020-11-04,90361462,64.32154804,66653341,106653341
2020-11-05,91304244,68.32145287,68237206,108237206
2020-11-06,91394138,68.54935284,68555703,108555703
2020-11-09,91950258,69.61958716,69553358,109553358
2020-11-10,92547408,70.05751495,69996510,109996510
2020-11-11,93751212,71.29503729,71102145,111102145
2020-11-12,93649286,71.32299096,70772786,110772786
2020-11-13,93659402,71.76739952,70680914,110680914
2020-11-16,94492678,72.70041059,71463362,111463362
2020-11-17,94688534,72.92202835,71793553,111793553
2020-11-18,94819242,72.97876835,72442533,112442533
2020-11-19,94952802,72.92391313,72515915,112515915
2020-11-20,94920808,73.0315118,72451776,112451776
2020-11-23,95807778,74.13355136,73579806,113579806
2020-11-24,96175086,74.42562732,74339566,114339566
2020-11-25,95509644,72.80372467,73801925,113801925
2020-11-26,95823522,74.17646426,74354549,114354549
2020-11-27,95842864,74.52924358,74260247,114260247
2020-11-30,94916980,71.89435634,72502647,112502647
2020-12-01,95948360,73.77202764,73926878,113926878
2020-12-02,96785538,75.15281194,75022370,115022370
2020-12-03,97633464,75.85152104,76124578,116124578
2020-12-04,98100674,76.1488641,76812189,116812189
2020-12-07,97995950,76.20051862,76730495,116730495
2020-12-08,97649178,74.82059538,75992396,115992396
2020-12-09,98781020,77.01671627,77466491,117466491
2020-12-10,98535450,76.5106841,77232200,117232200
2020-12-11,99594902,77.26130966,78006362,118006362
2020-12-14,99372934,75.55683271,77611387,117611387
2020-12-15,98898608,75.11379122,77302561,117302561
2020-12-16,99335722,76.16467509,77846996,117846996
2020-12-17,99011506,76.34750848,77733524,117733524
2020-12-18,99024218,76.43094869,77629805,117629805
2020-12-21,98923780,75.68568427,77563271,117563271
2020-12-22,98440034,71.98289895,76466757,116466757
2020-12-23,99569964,73.87562384,78026156,118026156
2020-12-24,100312816,75.41065589,78809667,118809667
2020-12-28,100637568,73.97379274,79213048,119213048
2020-12-29,100024502,75.42327278,79293427,119293427
2020-12-30,100799786,76.78617206,80747195,120747195
2021-01-04,102300724,76.99495851,83546976,123546976
2021-01-05,102995906,77.36010058,84743712,124743712
2021-01-06,102628590,75.24878581,84217589,124217589
2021-01-07,104911220,78.1164172,87019108,127019108
2021-01-08,107306626,80.40290279,90735997,130735997
2021-01-11,107172304,74.87070365,90306565,130306565
2021-01-12,106606526,74.47121698,89319870,129319870
2021-01-13,107422962,77.4227573,90579522,130579522
2021-01-14,107878976,79.11504254,90690996,130690996
2021-01-15,106487472,75.00798445,88674239,128674239
2021-01-18,104813234,70.9015222,86723366,126723366
2021-01-19,107487416,73.01598569,89729512,129729512
2021-01-20,108516118,74.37069642,90995190,130995190
2021-01-21,110286222,78.15792076,92948428,132948428
2021-01-22,109313062,78.31276959,92211966,132211966
2021-01-25,111213114,81.0180535,93979035,133979035
2021-01-26,109090752,77.52026109,91657186,131657186
2021-01-27,108486642,77.21938653,91220510,131220510
2021-01-28,107277022,72.16769512,89922846,129922846
2021-01-29,104994740,66.60136047,86722499,126722499
2021-02-01,106790256,70.8760895,89468745,129468745
2021-02-02,107593016,72.97882958,90624036,130624036
2021-02-03,108910178,75.86601038,92070403,132070403
2021-02-04,108466336,73.62108549,91034916,131034916
2021-02-05,109542544,77.54003949,92155258,132155258
2021-02-08,107251880,77.40396985,90211176,130211176
2021-02-09,107051976,78.76162045,90230625,130230625
2021-02-10,107729954,78.2416004,91334708,131334708
2021-02-15,108385018,80.00252767,92275677,132275677
2021-02-16,108925352,81.39917769,92882294,132882294
2021-02-17,108371530,79.77189902,92135153,132135153
2021-02-18,107326628,77.50246389,90397122,130397122
2021-02-19,107708012,77.54655944,90900611,130900611
2021-02-22,107162200,75.75762331,89723011,129723011
2021-02-23,107155406,75.68666935,89385239,129385239
2021-02-24,105143280,71.37344296,86776567,126776567
2021-02-25,107328708,75.98668955,89624357,129624357
2021-02-26,105938236,69.94462818,86971217,126971217
2021-03-02,106735504,71.35523484,88201924,128201924
2021-03-03,107748326,74.8924243,89493273,129493273
2021-03-04,106797324,72.39004194,88268810,128268810
2021-03-05,106694572,72.03689115,87802367,127802367
2021-03-08,106176834,70.55959392,86907744,126907744
2021-03-09,106189692,69.53568046,86546177,126546177
2021-03-10,105488362,69.55032261,85786739,125786739
2021-03-11,106365894,73.48031931,87718981,127718981
2021-03-12,106927328,75.52007883,88669657,128669657
2021-03-15,107214728,74.83282677,88578095,128578095
2021-03-16,107382718,76.80370705,88621020,128621020
2021-03-17,106985160,75.70779891,87549666,127549666
2021-03-18,107556408,77.66984019,88278219,128278219
2021-03-19,107007458,75.69754973,87487495,127487495
2021-03-22,106995358,75.22788041,87182064,127182064
2021-03-23,106049926,74.27848467,85886116,125886116
2021-03-24,105575104,74.08718809,85564129,125564129
2021-03-25,106005540,74.96051667,86081673,126081673
2021-03-26,106943036,76.83923907,86702665,126702665
2021-03-29,106579610,75.74939805,86482613,126482613
2021-03-30,108013034,76.94764258,88511521,128511521
2021-03-31,107531582,76.39373971,87940397,127940397
2021-04-01,108259330,77.3582041,88910989,128910989
2021-04-02,109144934,78.11885531,89635767,129635767
2021-04-05,108991722,78.38297997,89544219,129544219
2021-04-06,108996034,78.69247362,89368035,129368035
2021-04-07,109079392,79.37881368,89687746,129687746
2021-04-08,109328358,80.18814654,89892652,129892652
2021-04-09,108616874,78.91582773,89431601,129431601
2021-04-12,108879810,78.74457954,89980178,129980178
2021-04-13,110333226,79.03302822,91383181,131383181
2021-04-14,110819524,79.4884576,92250029,132250029
2021-04-15,111178878,78.50969088,92818090,132818090
2021-04-16,111391042,78.15314779,92957388,132957388
2021-04-19,111397388,77.33683915,92868352,132868352
2021-04-20,111775746,77.72406782,93360179,133360179
2021-04-21,110393444,74.68883002,91495372,131495372
2021-04-22,110807380,75.40476243,91563155,131563155
2021-04-23,110891310,74.97868063,91766846,131766846
2021-04-26,111734458,75.73550426,92923267,132923267
2021-04-27,111614538,75.47783952,92765964,132765964
2021-04-28,111266390,73.1898029,92082803,132082803
2021-04-29,110700372,72.55904575,92093319,132093319
2021-04-30,109681238,71.28698228,90908960,130908960
2021-05-03,110205044,70.73397065,90545296,130545296
2021-05-04,110748744,72.03900299,91243361,131243361
2021-05-06,111273774,72.70012004,92138148,132138148
2021-05-07,111553324,73.39883188,92607627,132607627
2021-05-10,112494126,74.16816292,93612244,133612244
2021-05-11,111750556,70.08453507,92356432,132356432
2021-05-12,110858154,66.17370273,91270420,131270420
2021-05-13,110253630,64.62050592,90371052,130371052
2021-05-14,110938572,67.529603,91565950,131565950
2021-05-17,110370170,66.49868688,91037521,131037521
2021-05-18,111055584,68.4133426,92216301,132216301
2021-05-20,110381612,66.92476804,91703402,131703402
2021-05-21,110588720,65.58490366,91528071,131528071
2021-05-24,110494536,64.45051261,91267854,131267854
2021-05-25,110820082,66.47159179,91923174,131923174
2021-05-26,110904934,66.31696166,91464964,131464964
2021-05-27,110271132,66.26239826,90364789,130364789
2021-05-28,110847616,67.64055282,91240405,131240405
2021-05-31,110983056,68.15476363,91312260,131312260
2021-06-01,111642178,68.9868741,91822667,131822667
2021-06-02,111796550,68.66011987,91623012,131623012
2021-06-03,111942822,68.53738497,92105067,132105067
2021-06-04,111741106,68.03839265,92060627,132060627
2021-06-07,111877488,68.5579988,92431847,132431847
2021-06-08,112100698,68.82248495,92252311,132252311
2021-06-09,111505872,67.150463,91361463,131361463
2021-06-10,111468470,68.17139846,91724067,131724067
2021-06-11,112140562,69.5907162,92503804,132503804
2021-06-14,112070938,69.49961388,92608483,132608483
2021-06-15,112208890,69.61056946,92881647,132881647
2021-06-16,112565704,69.83151907,93347648,133347648
2021-06-17,112124254,68.88741632,92928699,132928699
2021-06-18,112017212,69.09443842,92890220,132890220
2021-06-21,111278440,66.58717717,92286957,132286957
2021-06-22,111797690,68.23168105,92864534,132864534
2021-06-23,112121688,68.80508998,93308356,133308356
2021-06-24,112611404,68.9116365,94086449,134086449
2021-06-25,112822928,69.35371859,94477006,134477006
2021-06-28,112681338,69.12768161,94030905,134030905
2021-06-29,112083936,68.59832016,93506366,133506366
2021-06-30,112092090,69.04830545,93922454,133922454
2021-07-01,111516452,68.176908,93344627,133344627
2021-07-02,111508884,68.44314589,93307409,133307409
2021-07-05,111421522,69.20275098,93430488,133430488
2021-07-06,111621538,69.79096486,93932640,133932640
2021-07-07,111034288,68.39957686,93130641,133130641
2021-07-08,110584100,66.31807857,92272687,132272687
2021-07-09,109981436,64.18301151,91224340,131224340
2021-07-12,110867880,66.35644067,92227157,132227157
2021-07-13,111530390,68.01297678,93395522,133395522
2021-07-14,111114172,67.30599486,93028708,133028708
2021-07-15,111420892,67.94095662,93351275,133351275
2021-07-16,111180242,67.3205524,93184672,133184672
2021-07-19,110598556,64.35550503,92223171,132223171
2021-07-20,110434188,63.51270576,92023932,132023932
2021-07-21,110006242,62.4342196,91649502,131649502
2021-07-22,110574150,64.80428918,92657369,132657369
2021-07-23,110217670,64.95187156,92794408,132794408
2021-07-26,109819182,62.46224571,91943118,131943118
2021-07-27,109953710,62.90443383,92466509,132466509
2021-07-28,110264678,62.70167163,92615280,132615280
2021-07-29,110202086,63.24158127,92707491,132707491
2021-07-30,108718788,60.21983134,90884349,130884349
2021-08-02,109199632,62.11536186,91578020,131578020
2021-08-03,109623906,63.34006761,91834749,131834749
2021-08-04,110265754,64.84688397,92548815,132548815
2021-08-05,110200742,64.76784036,92583492,132583492
2021-08-06,109869912,64.7443061,92321973,132321973
2021-08-09,109632664,64.19727549,92247337,132247337
2021-08-10,109058150,63.28078613,91902220,131902220
2021-08-11,108372492,61.88959362,91686501,131686501
2021-08-12,108887438,62.20476117,91509826,131509826
2021-08-13,108039758,59.6765947,90819255,130819255
2021-08-17,106795134,57.88465192,89926416,129926416
2021-08-18,107105570,59.1443013,90318572,130318572
2021-08-19,105428862,54.97854378,88084297,128084297
2021-08-20,104710992,52.75247775,87423515,127423515
2021-08-23,105348918,55.23189304,87799185,127799185
2021-08-24,106541568,58.36457504,88734528,128734528
2021-08-25,106484218,58.80050391,89032423,129032423
2021-08-26,106051742,57.56127614,88311277,128311277
2021-08-27,105973540,57.73725297,88234336,128234336
2021-08-30,106338822,58.35988778,88216182,128216182
2021-08-31,107714660,61.25411484,89992281,129992281
2021-09-01,108279414,61.32212754,89914336,129914336
2021-09-02,107564262,59.88042765,88867352,128867352
2021-09-03,108339130,61.26339548,90143082,130143082
2021-09-06,108447416,61.5767399,90213537,130213537
2021-09-07,108059960,60.9725965,89843792,129843792
2021-09-08,107654546,59.58481848,89236422,129236422
2021-09-09,106585508,56.74227513,87693983,127693983
2021-09-10,106660158,57.83828546,87898098,127898098
2021-09-13,106670474,57.83575112,87969608,127969608
2021-09-14,107001760,59.11614129,88531441,128531441
2021-09-15,106853342,59.29232511,88403847,128403847
2021-09-16,106649836,57.79366279,87655291,127655291
2021-09-17,106619296,58.12902853,87752130,127752130
2021-09-23,106745818,56.61941874,87853758,127853758
2021-09-24,106370960,56.86165021,87675371,127675371
2021-09-27,106687168,57.53758659,87828499,127828499
2021-09-28,105934614,55.81395855,86840727,126840727
2021-09-29,105507756,53.33269956,86070637,126070637
2021-09-30,105674936,54.14199118,86365713,126365713
2021-10-01,104737766,51.09848207,85172644,125172644
2021-10-05,104083556,47.22172039,83927058,123927058
2021-10-06,103276602,44.86827782,82924757,122924757
2021-10-07,101494637,47.98234395,84378169,124378169
2021-10-08,101429018,48.07524332,84439935,124439935
2021-10-12,100916640,45.18117261,83657229,123657229
2021-10-13,101358517,47.88165588,84382830,124382830
2021-10-14,102108015,51.5134026,85567961,125567961
2021-10-15,102397212,53.53212421,86120508,126120508
2021-10-18,102133521,52.48142251,85769101,125769101
2021-10-19,102566852,54.01691532,86521217,126521217
2021-10-20,102556425,53.12742149,86372077,126372077
2021-10-21,102424982,53.05741764,86225826,126225826
2021-10-22,102498370,53.51481791,86306393,126306393
2021-10-25,103043105,54.28037785,86774790,126774790
2021-10-26,103227908,56.16347938,87413296,127413296
2021-10-27,102512573,54.74195558,86829826,126829826
2021-10-28,101710370,54.07141775,86131977,126131977
2021-10-29,100801312,51.57585687,84880292,124880292
2021-11-01,101310942,52.17064889,85296931,125296931
2021-11-02,101809410,54.37868285,86144967,126144967
2021-11-03,101138495,52.18754862,85152692,125152692
2021-11-04,101297294,53.12873733,85737238,125737238
2021-11-05,100962045,52.30417595,85480289,125480289
2021-11-08,100770894,51.86727205,85098594,125098594
2021-11-09,100801152,52.25677771,85285439,125285439
2021-11-10,99914167,51.03997418,84038511,124038511
2021-11-11,99780288,51.93453993,83518340,123518340
2021-11-12,100475626,54.27893159,84567072,124567072
2021-11-15,100798051,55.6872325,85160485,125160485
2021-11-16,100978583,55.61025311,85127800,125127800
2021-11-17,100105004,53.95096353,84059093,124059093
2021-11-18,99582715,53.29489057,83468201,123468201
2021-11-19,99904565,54.65887216,84196650,124196650
2021-11-22,100497291,56.36861265,85343320,125343320
2021-11-23,100109607,55.58807628,84400282,124400282
2021-11-24,100132642,55.7414204,84293411,124293411
2021-11-25,99681352,55.36859678,83473746,123473746
2021-11-26,98553155,52.3135914,81939758,121939758
2021-11-29,98177474,49.12090112,81228832,121228832
2021-11-30,96499196,44.86291282,79185926,119185926
2021-12-01,97959356,49.49229622,81381970,121381970
2021-12-02,99128337,50.99136477,82827325,122827325
2021-12-03,99744757,52.76930146,83416778,123416778
2021-12-06,99948917,52.4282975,83714826,123714826
2021-12-07,100309125,55.21887639,84015287,124015287
2021-12-08,100364690,56.34315742,84423853,124423853
2021-12-09,100764102,58.28655259,84942165,124942165
2021-12-10,100723486,57.0170698,84975918,124975918
2021-12-13,100594691,56.28291631,84928911,124928911
2021-12-14,100432251,55.5156592,84240550,124240550
2021-12-15,100375244,55.57896141,84121301,124121301
2021-12-16,100889447,57.40122643,84956232,124956232
2021-12-17,101379705,57.80513057,85210602,125210602
2021-12-20,100310487,53.79696559,83379147,123379147
2021-12-21,100397227,55.23970549,83709577,123709577
2021-12-22,100419469,56.36048706,83724541,123724541
2021-12-23,100847779,57.33267219,84446218,124446218
2021-12-24,101019771,58.28787947,84861952,124861952
2021-12-27,100889719,57.10356837,84579515,124579515
2021-12-28,101234313,58.27331782,85091854,125091854
2021-12-29,100154443,57.76543333,84182719,124182719
2021-12-30,99659784,57.30050624,83571832,123571832
2022-01-03,100065840,57.73345438,83895338,123895338
2022-01-04,100223764,58.28813386,84124264,124124264
2022-01-05,100011156,56.61023164,83725592,123725592
2022-01-06,99885528,54.72166467,83127854,123127854
2022-01-07,100318636,56.53000302,83863366,123863366
2022-01-10,99752121,55.21683062,82878643,122878643
2022-01-11,99768077,55.42513645,83036400,123036400
2022-01-12,101036206,58.27528336,85052491,125052491
2022-01-13,100949203,57.9006989,85237848,125237848
2022-01-14,100306573,55.67132882,84174438,124174438
2022-01-17,99588193,54.13925884,83167617,123167617
2022-01-18,99161971,52.78304301,82712340,122712340
2022-01-19,98891915,51.60692155,82119024,122119024
2022-01-20,99277406,53.10306817,82733923,122733923
2022-01-21,99092938,51.07749057,81969230,121969230
2022-01-24,98193567,47.99120968,80872409,120872409
2022-01-25,96887565,41.74067069,78787494,118787494
2022-01-26,96979440,42.79653502,78634858,118634858
2022-01-27,95044472,37.09671448,75934862,115934862
2022-01-28,96290024,42.45504367,77755724,117755724
2022-02-03,96654819,45.23745785,78473163,118473163
2022-02-04,97359426,48.58611177,79317499,119317499
2022-02-07,96952360,48.1512883,78413425,118413425
2022-02-08,96800837,48.86244586,78194293,118194293
2022-02-09,97562542,51.03511495,79233318,119233318
2022-02-10,98257716,51.70388769,80068695,120068695
2022-02-11,97907372,49.55766606,79427082,119427082
2022-02-14,97063903,45.73308886,78166327,118166327
2022-02-15,96917147,44.29011087,77728432,117728432
2022-02-16,97759092,48.62287541,79008834,119008834
2022-02-17,98247587,48.25090796,79708307,119708307
2022-02-18,98180664,48.11144193,79382917,119382917
2022-02-21,97982087,48.20031522,79173019,119173019
2022-02-22,97185487,45.8141174,78025839,118025839
2022-02-23,97142498,47.56255608,78091796,118091796
2022-02-24,95875459,42.73975261,76004750,116004750
2022-02-25,95764677,46.66107447,76412949,116412949
2022-02-28,96316245,47.25659296,77127441,117127441
2022-03-02,95935381,47.26232075,76652441,116652441
2022-03-03,96798484,50.85941684,77989101,117989101
2022-03-04,96106165,48.34943699,76750756,116750756
2022-03-07,94866574,43.64338957,74845630,114845630
2022-03-08,94334017,42.0048126,74033667,114033667
2022-03-10,95076304,47.10559012,75538930,115538930
2022-03-11,94767899,47.73864696,74890113,114890113
2022-03-14,94377536,47.21951152,74576322,114576322
2022-03-15,94158730,45.755233,74166608,114166608
2022-03-16,94785884,49.08666626,75322652,115322652
2022-03-17,95202664,51.61106219,76305836,116305836
2022-03-18,95340745,52.79443779,76414639,116414639
2022-03-21,95097298,51.85602683,75887704,115887704
2022-03-22,95778467,54.07575736,76636084,116636084
2022-03-23,96525322,56.34336328,77529185,117529185
2022-03-24,96387090,56.20689318,77307055,117307055
2022-03-25,96160321,56.47102916,76884653,116884653
2022-03-28,96458057,56.62991754,77101244,117101244
2022-03-29,96780711,57.89355574,77587772,117587772
2022-03-30,96749302,58.9621188,77902917,117902917
2022-03-31,97127741,60.10526699,78479638,118479638
2022-04-01,96990153,59.60901568,78010700,118010700
2022-04-04,97319483,60.82821647,78293784,118293784
2022-04-05,97037844,61.40703253,78204267,118204267
2022-04-06,96740369,59.83958662,77643506,117643506
2022-04-07,95860234,57.64788945,76525232,116525232
2022-04-08,96039800,58.39831962,76874458,116874458
2022-04-11,96471500,57.75730272,77252708,117252708
2022-04-12,96012425,55.99901457,76377721,116377721
2022-04-13,96720872,58.96745712,77668904,117668904
2022-04-14,96650863,58.77605549,77659348,117659348
2022-04-15,96126847,57.46932007,76956807,116956807
2022-04-18,96416303,56.4832986,77136102,117136102
2022-04-19,96711444,58.44415032,77714601,117714601
2022-04-20,96764111,58.74616929,77827664,117827664
2022-04-21,97200641,59.58160447,78231546,118231546
2022-04-22,97089764,57.96327166,77629267,117629267
2022-04-25,95832868,53.62420834,76017085,116017085
2022-04-26,96031747,55.03812104,76504844,116504844
2022-04-27,95316821,52.37050387,75673466,115673466
2022-04-28,96685810,54.71931644,77247233,117247233
2022-04-29,96798616,57.04169488,77591796,117591796
2022-05-02,96678228,55.50311034,77508080,117508080
2022-05-03,96252708,55.48066362,77129958,117129958
2022-05-04,96393011,55.92906714,77243211,117243211
2022-05-06,95865058,53.69275361,76526308,116526308
2022-05-09,95373629,52.08062578,75785983,115785983
2022-05-10,95003316,50.9900924,75427538,115427538
2022-05-11,94803595,51.72276179,75277415,115277415
2022-05-12,94102939,48.92173078,74272003,114272003
2022-05-13,94895530,53.4298441,75757138,115757138
2022-05-16,94684546,52.7271308,75419076,115419076
2022-05-17,94959825,54.6189964,75961158,115961158
2022-05-18,95039522,55.32217223,76145105,116145105
2022-05-19,94314110,52.39689285,74952088,114952088
2022-05-20,95307124,55.21177659,76375013,116375013
2022-05-23,95449412,55.24169826,76574347,116574347
2022-05-24,94782876,52.78131587,75252226,115252226
2022-05-25,95158463,53.81468811,75627543,115627543
2022-05-26,95106428,53.67266571,75413412,115413412
2022-05-27,95745642,55.57846269,76311081,116311081
2022-05-30,96197144,57.64593779,77284431,117284431
2022-05-31,96738285,58.63329542,77909808,117909808
2022-06-02,95976885,57.37249719,77072608,117072608
2022-06-03,96356844,58.40933728,77330087,117330087
2022-06-07,95517981,55.80871637,75988443,115988443
2022-06-08,95665128,56.67470478,76272072,116272072
2022-06-09,95838033,56.78962274,76455635,116455635
2022-06-10,95261039,54.73792658,75791791,115791791
2022-06-13,93589749,47.46978969,73271163,113271163
2022-06-14,93245985,46.93971533,72723461,112723461
2022-06-15,92644541,45.10167463,71848554,111848554
2022-06-16,92500189,45.98688157,71958910,111958910
2022-06-17,92541046,44.22971673,71825439,111825439
2022-06-20,91927425,42.23385851,70828958,110828958
2022-06-21,92029223,45.59780436,71261930,111261930
2022-06-22,90717609,41.64145431,69298318,109298318
2022-06-23,90312499,40.69889592,68862217,108862217
2022-06-24,91017331,44.53201411,70014097,110014097
2022-06-27,91495047,47.28535362,70987739,110987739
2022-06-28,92090379,49.32641662,71918077,111918077
2022-06-29,91155040,46.92393452,70422410,110422410
2022-06-30,90282869,44.34242484,69052573,109052573
2022-07-01,90089218,43.57444815,68542071,108542071
2022-07-04,89867819,43.63624567,68370372,108370372
2022-07-05,90449754,46.56634665,69574013,109574013
2022-07-06,88964570,43.44367384,67598485,107598485
2022-07-07,89643401,46.12801405,68642842,108642842
2022-07-08,90124030,47.46723402,69085321,109085321
2022-07-11,89803543,47.01705876,68584328,108584328
2022-07-12,89615265,46.40668222,68169321,108169321
2022-07-13,89821661,47.09268062,68477692,108477692
2022-07-14,89672229,47.06842354,68300672,108300672
2022-07-15,89440729,48.61385034,68318968,108318968
2022-07-18,90292107,51.72250085,69626776,109626776
2022-07-19,90512128,51.56497855,69898005,109898005
2022-07-20,91036847,52.64914231,70585302,110585302
2022-07-21,91240449,53.82497908,71089388,111089388
2022-07-22,90948044,53.6007656,70609999,110609999
2022-07-25,91250235,53.86529913,70854542,110854542
2022-07-26,91361609,54.82207028,71018774,111018774
2022-07-27,91609538,55.01954303,71134001,111134001
2022-07-28,91736769,56.69206063,71618856,111618856
2022-07-29,92109979,57.8324951,72101549,112101549
2022-08-01,91918989,57.54839501,71963284,111963284
2022-08-02,91429707,56.29732602,71393190,111393190
2022-08-03,91745301,57.80007282,71963944,111963944
2022-08-04,91801259,58.87024906,72128326,112128326
2022-08-05,92357399,60.13131779,72621818,112621818
2022-08-08,92445813,60.12361143,72616449,112616449
2022-08-09,92629984,61.0759795,73070844,113070844
2022-08-10,92158631,59.75577719,72323433,112323433
2022-08-11,92937070,62.57954704,73567112,113567112
2022-08-12,92980547,63.00196692,73837941,113837941
2022-08-16,92890700,63.2610785,73842652,113842652
2022-08-17,92680488,62.55862528,73416025,113416025
2022-08-18,92291831,62.07666112,72758644,112758644
2022-08-19,92218925,61.59236001,72553179,112553179
2022-08-22,91790633,59.68477151,71852663,111852663
2022-08-23,91115458,57.88867832,70953308,110953308
2022-08-24,91320183,58.5100919,71174063,111174063
2022-08-25,91956665,60.61504252,72045245,112045245
2022-08-26,91901345,60.68168817,72019947,112019947
2022-08-29,90815252,56.55419904,70380590,110380590
2022-08-30,91529066,58.40020188,71340404,111340404
2022-08-31,91819573,59.28551983,71958923,111958923
2022-09-01,90695779,55.63156042,70336084,110336084
2022-09-02,90636051,55.4857483,70168612,110168612
2022-09-05,90709567,55.42717105,70197612,110197612
2022-09-06,90758062,55.97170484,70207832,110207832
2022-09-07,90270421,53.67769677,69507038,109507038
2022-09-08,90639809,54.55410331,69880283,109880283
2022-09-13,91824580,58.96066464,71800710,111800710
2022-09-14,91061678,55.84008119,70701226,110701226
2022-09-15,90744802,55.745632,70161145,110161145
2022-09-16,90576011,54.46474168,69662164,109662164
2022-09-19,90361720,53.06065696,69454721,109454721
2022-09-20,90739963,53.83267771,69836544,109836544
2022-09-21,90260279,51.89164263,69065484,109065484
2022-09-22,89951879,51.68103314,68581928,108581928
2022-09-23,89417773,50.3044013,67682053,107682053
2022-09-26,88097843,44.87643316,65805161,105805161
2022-09-27,87819627,45.46808458,65584205,105584205
2022-09-28,86843288,41.24957847,64076936,104076936
2022-09-29,87030766,42.08704145,64310384,104310384
2022-09-30,86357350,40.78991866,63371441,103371441
2022-10-04,87479352,44.83061278,64690486,104690486
2022-10-05,87802559,45.79650096,64871973,104871973
2022-10-06,87939431,47.66446606,65249013,105249013
2022-10-07,88268924,47.23320984,65581192,105581192
2022-10-11,87349052,44.45627053,64473790,104473790
2022-10-12,87387872,45.97104859,65025938,105025938
2022-10-13,86797117,42.72856627,64161621,104161621
2022-10-14,87664409,47.49915343,65335899,105335899
2022-10-17,87664902,47.63742827,65497166,105497166
2022-10-18,88467504,50.22174083,66391118,106391118
2022-10-19,88428841,49.68426614,66178319,106178319
2022-10-20,87973943,48.52997245,65526829,105526829
2022-10-21,87898591,48.69130961,65614579,105614579
2022-10-24,87749387,49.25657759,65659123,105659123
2022-10-25,87786646,49.80898927,65743030,105743030
2022-10-26,87702229,51.24906182,65848963,105848963
2022-10-27,88833704,53.98652034,67462117,107462117
2022-10-28,89082955,52.98330967,67372890,107372890
2022-10-31,89385104,54.73701029,68033073,108033073
2022-11-01,90000512,57.17925319,69108925,109108925
2022-11-02,90244602,57.41857782,69056467,109056467
2022-11-03,89879165,57.2631298,68640589,108640589
2022-11-04,90373749,58.4479639,69185002,109185002
2022-11-07,91043418,59.47455011,70190679,110190679
2022-11-08,91287514,61.2818947,70617257,110617257
2022-11-09,91831190,62.25444851,71331879,111331879
2022-11-10,91468824,60.66035701,70638909,110638909
2022-11-11,92316223,64.73811492,72271136,112271136
2022-11-14,92432714,64.20407851,72420597,112420597
2022-11-15,92464258,65.0555314,72121337,112121337
2022-11-16,92184319,64.79820795,71873222,111873222
2022-11-17,88379634,63.40299379,70528724,110528724
2022-11-18,88297390,63.71237954,70619455,110619455
2022-11-21,88207158,62.90590915,70267758,110267758
2022-11-22,87817224,63.02402693,69708179,109708179
2022-11-23,88198308,64.50413656,70207263,110207263
2022-11-24,88585876,66.29962284,71064516,111064516
2022-11-25,88494170,66.09678645,71008915,111008915
2022-11-28,87954328,64.11067028,70497693,110497693
2022-11-29,88821800,65.377965,71283840,111283840
2022-11-30,89672824,66.84482005,72454869,112454869
2022-12-01,89838324,67.37010807,72415104,112415104
2022-12-02,89150938,64.90410092,71315523,111315523
2022-12-05,89074270,64.79793379,70738400,110738400
2022-12-06,88454244,63.68758638,70172104,110172104
2022-12-07,88266020,63.07083935,69532720,109532720
2022-12-08,88833144,62.68188978,69525949,109525949
2022-12-09,89752982,63.92701839,69810852,109810852
2022-12-12,89640142,62.47015202,69720607,109720607
2022-12-13,89408608,61.88313077,69352698,109352698
2022-12-14,89834992,64.26050201,70215402,110215402
2022-12-15,89005922,63.19778678,69262582,109262582
2022-12-16,89019208,62.82040636,69240398,109240398
2022-12-19,88984806,61.96930376,68780486,108780486
2022-12-20,88515604,60.85068275,68393624,108393624
2022-12-21,88946038,60.87258765,68281628,108281628
2022-12-22,89657922,62.55452496,69224532,109224532
2022-12-23,89230216,60.18334663,68346446,108346446
2022-12-26,89510132,60.19849951,68550792,108550792
2022-12-27,89728932,61.01550437,68916192,108916192
2022-12-28,88825926,58.64504062,67334556,107334556
2022-12-29,88252956,56.23068136,66122786,106122786
2023-01-02,86989124,55.40332605,65902344,105902344
2023-01-03,86933218,54.98484817,65726558,105726558
2023-01-04,87469700,56.94510113,66586900,106586900
2023-01-05,88069598,57.44649618,67038038,107038038
2023-01-06,88746168,58.41934232,67937708,107937708
2023-01-09,89636554,59.98253981,69508674,109508674
2023-01-10,89491432,60.17249092,69501992,109501992
2023-01-11,89357072,60.61102964,69654332,109654332
2023-01-12,89225010,60.46652788,69667760,109667760
2023-01-13,89926114,62.10437588,70448384,110448384
2023-01-16,90431544,62.78494081,70903464,110903464
2023-01-17,90327608,61.98222112,70496448,110496448
2023-01-18,90135456,61.5601544,70081836,110081836
2023-01-19,90303790,61.88259724,70424140,110424140
2023-01-20,90403676,62.43485283,70812156,110812156
2023-01-25,90942566,63.58679264,71815796,111815796
2023-01-26,91477322,65.24942974,73135332,113135332
2023-01-27,91732908,65.48388951,73610448,113610448
2023-01-30,91015492,63.75930049,72667452,112667452
2023-01-31,90192186,62.4768705,71598346,111598346
2023-02-01,90407034,63.53028195,72599424,112599424
2023-02-02,90218736,64.56686969,72622146,112622146
2023-02-03,90399488,65.0062894,72984248,112984248
2023-02-06,89748664,62.99541473,71818634,111818634
2023-02-07,89862060,63.70861372,72140470,112140470
2023-02-08,90876130,64.75078899,73328540,113328540
2023-02-09,90740942,64.30388376,73217822,113217822
2023-02-10,90633930,64.21599751,73300030,113300030
2023-02-13,90276072,63.02502486,72879532,112879532
2023-02-14,90505092,63.30229841,73241542,113241542
2023-02-15,89196674,62.20253071,71910044,111910044
2023-02-16,90049384,64.26497776,73203644,113203644
2023-02-17,89881104,63.06318089,72597724,112597724
2023-02-20,90180128,62.89142712,72681558,112681558
2023-02-21,90250810,62.84771563,72853830,112853830
2023-02-22,89394382,60.80997786,71552152,111552152
2023-02-23,89930546,62.07960086,72269016,112269016
2023-02-24,89639630,61.65410569,71780500,111780500
2023-02-27,89144934,60.46420135,71150424,111150424
2023-02-28,89093732,61.59040619,71299692,111299692
2023-03-02,89237128,62.3490266,71943628,111943628
2023-03-03,89039708,63.02105016,72032088,112032088
2023-03-06,89441976,64.56440827,73353946,113353946
2023-03-07,89220924,64.75483969,73325444,113325444
2023-03-08,88548774,63.37625346,72179864,112179864
2023-03-09,88206846,63.43753441,71549256,111549256
2023-03-10,87736310,61.68890779,71280770,111280770
2023-03-13,87982156,61.7677031,71884756,111884756
2023-03-14,86940122,57.16110033,70153342,110153342
2023-03-15,87389126,60.26466777,71128116,111128116
2023-03-16,86955252,59.22598156,70831212,110831212
2023-03-17,87654292,61.27858231,71399402,111399402
2023-03-20,87534374,58.77287417,70644164,110644164
2023-03-21,87909450,60.04010398,70769860,110769860
2023-03-22,88152198,62.09785666,71602608,111602608
2023-03-23,88238610,62.60830747,71675600,111675600
2023-03-24,87825016,62.53086622,70745576,110745576
2023-03-27,87763476,61.97046251,70692216,110692216
2023-03-28,88266710,63.78847859,71251110,111251110
2023-03-29,88665790,64.58066359,71791180,111791180
2023-03-30,88458330,65.1891595,71720460,111720460
2023-03-31,88505104,66.06481019,72530894,112530894
2023-04-03,88368212,65.53343123,72445652,112445652
2023-04-04,88688264,66.26998918,72460194,112460194
2023-04-05,88772110,66.59472887,73120830,113120830
2023-04-06,88174774,64.75745889,71926104,111926104
2023-04-07,88599790,66.24679549,72471500,112471500
2023-04-10,88679034,66.63536369,73286764,113286764
2023-04-11,89243344,67.91592365,74581584,114581584
2023-04-12,89753298,67.70842815,75004788,115004788
2023-04-13,89624906,68.22701261,75047606,115047606
2023-04-14,90020168,68.54257441,75307818,115307818
2023-04-17,89654468,68.52767869,74834568,114834568
2023-04-18,89501854,68.47247034,74661604,114661604
2023-04-19,89717200,68.72850587,74741290,114741290
2023-04-20,89535188,68.32084382,74369558,114369558
2023-04-21,89252788,67.48721164,73630838,113630838
2023-04-24,88845980,66.38401051,73314440,113314440
2023-04-25,88671438,64.84721885,72790998,112790998
2023-04-26,88403122,64.51956574,72382572,112382572
2023-04-27,88491416,64.99419207,72618896,112618896
2023-04-28,88742874,65.37723434,72657554,112657554
2023-05-02,89430034,66.35078223,73367724,113367724
2023-05-03,88882886,64.66786684,72671826,112671826
2023-05-04,88958404,64.39285181,72770024,112770024
2023-05-08,89360522,65.05091548,73484102,113484102
2023-05-09,89358872,65.21062843,73520262,113520262
2023-05-10,89262552,64.30029613,73378942,113378942
2023-05-11,89427020,64.36949903,73409300,113409300
2023-05-12,88929964,64.00451661,72734984,112734984
2023-05-15,88867680,64.17633761,72882990,112882990
2023-05-16,88524648,64.32084524,72622898,112622898
2023-05-17,88745664,64.85004977,73223004,113223004
2023-05-18,89108104,65.53753393,73814794,113814794
2023-05-19,89574718,65.80775187,74177948,114177948
2023-05-22,89811670,65.96220746,74455410,114455410
2023-05-23,89771624,66.40574879,74684004,114684004
2023-05-24,89625620,66.045195,74483510,114483510
2023-05-25,89222938,65.26729248,73912778,113912778
2023-05-26,89308102,65.41354537,74024352,114024352
2023-05-30,89608050,66.41703101,74709020,114709020
2023-05-31,89397560,65.98962826,74114970,114114970
2023-06-01,89366410,65.91968082,73935840,113935840
2023-06-02,89765824,67.30670852,74800604,114800604
2023-06-05,90187550,67.62139153,75395420,115395420
2023-06-07,90023012,67.8079197,75402552,115402552
2023-06-08,89990450,67.72760193,75200670,115200670
2023-06-09,90135294,68.93128373,75902374,115902374
2023-06-12,89814028,68.12619756,75471678,115471678
2023-06-13,89768582,68.0733507,75410372,115410372
2023-06-14,89543898,67.44025503,75021968,115021968
2023-06-15,89254952,67.18617544,74676872,114676872
2023-06-16,89342938,67.80537627,74848538,114848538
2023-06-19,89136408,66.92631164,74451268,114451268
2023-06-20,89016240,66.91518492,73953390,113953390
2023-06-21,88833998,65.70093377,73598248,113598248
2023-06-22,88862742,66.10439848,73880472,113880472
2023-06-23,88202148,65.27656283,73015208,113015208
2023-06-26,88678924,65.27151627,73403954,113403954
2023-06-27,89028310,65.36076309,73499020,113499020
2023-06-28,88731132,64.67271518,72845172,112845172
2023-06-29,88323978,64.17515573,72500268,112500268
2023-06-30,88764862,64.86753017,72909222,112909222
2023-07-03,89200852,66.0368264,74160662,114160662
2023-07-04,88725898,65.92463322,73775938,113775938
2023-07-05,88086330,65.16856586,73236580,113236580
2023-07-06,87646574,63.69713528,72603044,112603044
2023-07-07,86922112,61.20123364,71730252,111730252
2023-07-10,87151794,60.85428485,71602624,111602624
2023-07-11,87967350,62.96978331,72492160,112492160
2023-07-12,88316422,63.38881532,73105432,113105432
2023-07-13,88459490,64.32851288,73552990,113552990
2023-07-14,89412644,65.65916879,74904414,114904414
2023-07-17,89897576,65.19071184,74524136,114524136
2023-07-18,89694926,64.78042068,74431506,114431506
2023-07-19,89383658,64.84048363,74444448,114444448
2023-07-20,89270574,64.20381533,74098994,114098994
2023-07-21,89270328,64.35650263,74663868,114663868
2023-07-24,88954032,64.34641148,75426422,115426422
2023-07-25,88742494,64.6047228,75634244,115634244
2023-07-26,88127126,62.55956631,74750136,114750136
2023-07-27,89454746,63.46636999,75516676,115516676
2023-07-28,88989396,63.40253325,75245536,115245536
2023-07-31,89482676,64.21209312,75641776,115641776
2023-08-01,90768730,65.54411685,76600960,116600960
2023-08-02,89822300,62.55829115,74942300,114942300
2023-08-03,89178180,61.7012967,74730890,114730890
2023-08-04,89703340,61.85016541,74672370,114672370
2023-08-07,90097930,60.86592191,74102990,114102990
2023-08-08,89539660,60.84059541,73804730,113804730
2023-08-09,89600420,62.97596195,74360160,114360160
2023-08-10,89530980,62.91771626,74130640,114130640
2023-08-11,89457660,62.94262423,74036680,114036680
2023-08-14,89179640,61.57878619,73218320,113218320
2023-08-16,88491340,59.06933765,72124570,112124570
2023-08-17,88209610,58.51305503,71955980,111955980
2023-08-18,87963940,57.59926516,71481670,111481670
2023-08-21,88058710,57.78903302,71580830,111580830
2023-08-22,87907450,58.63343015,71880800,111880800
2023-08-23,88133340,58.55372787,71607920,111607920
2023-08-24,88748700,60.56480185,72453050,112453050
2023-08-25,88425630,59.1242372,71890290,111890290
2023-08-28,89136730,60.56531484,72452990,112452990
2023-08-29,89176810,61.41385081,72667780,112667780
2023-08-30,89378590,62.06759056,72938670,112938670
2023-08-31,89275220,62.05711534,72848010,112848010
2023-09-01,89504120,62.48778296,72836960,112836960
2023-09-04,89907060,63.25004647,73707030,113707030
2023-09-05,89816710,63.16691238,73700330,113700330
2023-09-06,90163200,62.38283576,73302550,113302550
2023-09-07,90208960,61.58860259,73105780,113105780
2023-09-08,90052970,61.75046081,72882610,112882610
2023-09-11,90083940,62.02980624,72869620,112869620
2023-09-12,89752700,61.23030096,72572550,112572550
2023-09-13,89816180,60.92371346,72852840,112852840
2023-09-14,90209780,62.78782102,73809890,113809890
2023-09-15,91022190,63.99927541,74912120,114912120
2023-09-18,90311180,62.00758397,74199540,114199540
2023-09-19,90157260,61.27067915,73780530,113780530
2023-09-20,90377590,61.1694156,73926320,113926320
2023-09-21,89740820,58.71929723,72635310,112635310
2023-09-22,89872420,58.27226279,72450560,112450560
2023-09-25,89901700,57.86711734,72227050,112227050
2023-09-26,89356780,56.14038791,71212840,111212840
2023-09-27,89311820,55.96650034,71045810,111045810
2023-10-04,88551900,51.39143982,69519200,109519200
2023-10-05,88338030,52.01763171,69666040,109666040
2023-10-06,88759260,52.25250571,70040180,110040180
2023-10-10,88941540,51.96411875,70358870,110358870
2023-10-11,89053500,54.45897246,71026350,111026350
2023-10-12,89390010,56.4298788,71921130,111921130
2023-10-13,89144080,55.38883142,71520040,111520040
2023-10-16,88856590,53.80127962,71082220,111082220
2023-10-17,89087360,55.47858794,71347030,111347030
2023-10-18,89271810,55.77440547,71491480,111491480
2023-10-19,88492360,52.29759684,70420430,110420430
2023-10-20,87942270,49.83377025,69369960,109369960
2023-10-23,87355816.39,49.19929453,68821960,108821960
2023-10-24,85064850,50.97100079,69405710,109405710
2023-10-25,85157550,50.54269411,68999390,108999390
2023-10-26,84155800,46.23896251,67280160,107280160
2023-10-27,84091800,47.46591873,67218320,107218320
2023-10-30,84318550,47.91680898,67153210,107153210
2023-10-31,84096700,46.97805485,66388660,106388660
2023-11-01,84514700,48.86985832,66856960,106856960
2023-11-02,84967350,51.55707599,67841720,107841720
2023-11-03,85639100,53.19262507,68638530,108638530
2023-11-06,87913050,56.6270021,72182450,112182450
2023-11-07,86982950,54.86428462,70245870,110245870
2023-11-08,86789300,54.64881954,69526470,109526470
2023-11-09,86895900,55.514946,69718120,109718120
2023-11-10,86401800,54.69675215,69154800,109154800
2023-11-13,86379950,54.11166277,69099960,109099960
2023-11-14,86926300,55.5588571,69891300,109891300
2023-11-15,88235900,57.70030068,71579540,111579540
2023-11-16,88174300,58.03569913,71752400,111752400
2023-11-17,87753350,57.77558222,71288140,111288140
2023-11-20,88158300,58.53247664,71666280,111666280
2023-11-21,88522900,59.71983734,72134600,112134600
2023-11-22,88510600,60.0770652,72053520,112053520
2023-11-23,88773100,60.865358,72318100,112318100
2023-11-24,88638000,60.32201702,71781770,111781770
2023-11-27,88964700,60.22175727,71759450,111759450
2023-11-28,89516500,61.12729507,72431840,112431840
2023-11-29,89257300,61.71310245,72303610,112303610
2023-11-30,89291000,62.45824807,72507750,112507750
2023-12-01,88810800,61.36660209,71597490,111597490
2023-12-04,88728600,61.69097055,71430340,111430340
2023-12-05,88680100,60.79687771,71136160,111136160
2023-12-06,88552900,61.12798913,70961480,110961480
2023-12-07,88702900,59.21251727,70728750,110728750
2023-12-08,89088600,61.92073067,71560370,111560370
2023-12-11,89178900,62.38170408,71696340,111696340
2023-12-12,89169500,62.88807534,72040100,112040100
2023-12-13,88977400,62.12114631,71533770,111533770
2023-12-14,89420200,63.48005346,72527590,112527590
2023-12-15,89819800,64.26537739,73463790,113463790
2023-12-18,89681700,64.11681622,73221710,113221710
2023-12-19,89620100,64.47518675,73197640,113197640
2023-12-20,90622400,65.37902791,74465540,114465540
2023-12-21,90404200,64.70743638,74155130,114155130
2023-12-22,88000270,64.63790958,74027140,114027140
2023-12-26,88330940,63.68042757,74335730,114335730
2023-12-27,87954950,63.83694836,74308800,114308800
2023-12-28,88981300,64.38947649,75832600,115832600
2024-01-02,88933560,64.22433342,75546720,115546720
2024-01-03,87935200,62.13367743,73549550,113549550
2024-01-04,87570440,61.41438954,72892230,112892230
2024-01-05,87080160,61.40034319,72547420,112547420
2024-01-08,86804600,61.03812691,72239550,112239550
2024-01-09,86710510,61.02462395,72182170,112182170
2024-01-10,86396160,60.77616779,71480770,111480770
2024-01-11,85916910,60.37439454,71143970,111143970
2024-01-12,85901680,60.05933078,70717510,110717510
2024-01-15,85773510,60.01581346,70935920,110935920
2024-01-16,85222810,58.69924289,70098670,110098670
2024-01-17,84212320,54.74937203,68400140,108400140
2024-01-18,83913280,55.76511327,68390160,108390160
2024-01-19,84726270,57.57184318,68887140,108887140
2024-01-22,84515620,57.00672255,68572690,108572690
2024-01-23,84957230,58.09248405,69449760,109449760
2024-01-24,84869710,58.06092971,69497120,109497120
2024-01-25,85433190,58.2370207,69916430,109916430
2024-01-26,85430150,58.54804745,70266750,110266750
2024-01-29,87205680,59.15613851,71897460,111897460
2024-01-30,87409100,59.24879749,71887800,111887800
2024-01-31,89018430,59.29804595,72459960,112459960
2024-02-01,91549800,61.19461685,74725600,114725600
2024-02-02,92812950,63.11502411,78083900,118083900
2024-02-05,92809500,62.05979282,77274800,117274800
2024-02-06,92084300,61.93548284,76412900,116412900
2024-02-07,93756150,63.19289641,77840200,117840200
2024-02-08,94306300,63.93178478,78511800,118511800
2024-02-13,94759000,64.40590036,79262300,119262300
2024-02-14,93780500,63.39395578,78041500,118041500
2024-02-15,94151900,63.35553274,77592800,117592800
2024-02-16,95859500,65.00027295,79359800,119359800
2024-02-19,97681300,65.70089745,80917000,120917000
2024-02-20,95941200,64.83558752,79616900,119616900
2024-02-21,95704300,64.35966597,79499700,119499700
2024-02-22,96498350,64.97606678,80029500,120029500
2024-02-23,95961350,65.03947568,80329400,120329400
2024-02-26,93974150,64.5898605,78783400,118783400
2024-02-27,92703800,64.4219242,77703600,117703600
2024-02-28,94797700,65.70284066,79182400,119182400
2024-02-29,95224200,65.395303,79201200,119201200
2024-03-04,96789850,66.1314907,80778300,120778300
2024-03-05,96814750,65.38614235,80022700,120022700
2024-03-06,96628350,65.02289536,80013200,120013200
2024-03-07,96773600,65.26557264,80748700,120748700
2024-03-08,97697400,66.4834865,81745400,121745400
2024-03-11,97322500,65.08732573,80953600,120953600
2024-03-12,96446450,66.10543531,81422700,121422700
2024-03-13,97075700,67.2286464,82047800,122047800
2024-03-14,98473600,68.44225601,83210900,123210900
2024-03-15,95170950,66.18537873,81211300,121211300
2024-03-18,94811900,66.59399726,81500000,121500000
2024-03-19,93736400,65.71677079,79894900,119894900
2024-03-20,94945500,66.80485007,80249700,120249700
2024-03-21,97446950,68.64165808,82414400,122414400
2024-03-22,96391100,68.67822154,82090400,122090400
2024-03-25,95808750,68.05801525,81697500,121697500
2024-03-26,96609900,68.74093813,82037400,122037400
2024-03-27,96252650,68.77901685,81661100,121661100
2024-03-28,96416600,68.59201232,81234800,121234800
2024-03-29,96119300,68.580432,80763200,120763200
2024-04-01,95850600,68.28149481,80378600,120378600
2024-04-02,95446050,68.40656608,80103800,120103800
2024-04-03,94002450,66.18233548,78266700,118266700
2024-04-04,94865350,67.74135878,79822500,119822500
2024-04-05,94524600,65.87453688,78956900,118956900
2024-04-08,94673750,65.89410821,79424100,119424100
2024-04-09,94190450,65.41814401,78803400,118803400
2024-04-11,94298800,65.46123779,78722100,118722100
2024-04-12,92623100,64.82349016,77418800,117418800
2024-04-15,93471900,63.66059864,77630300,117630300
2024-04-16,92945950,60.17346297,76302200,116302200
2024-04-17,91560330,59.17889037,75288160,115288160
2024-04-18,91896500,61.52353037,76231700,116231700
2024-04-19,91207350,58.46922955,75269300,115269300
2024-04-22,93015700,61.0026178,77489600,117489600
2024-04-23,93560050,61.42456156,77458600,117458600
2024-04-24,94125900,64.04857132,78207800,118207800
2024-04-25,93621700,61.5810903,77304700,117304700
2024-04-26,93898350,62.93936081,78487800,118487800
2024-04-29,93627300,64.14169171,79131600,119131600
2024-04-30,93578450,64.20144932,79235400,119235400
2024-05-02,92751250,63.98858798,78751200,118751200
2024-05-03,92479750,63.90273379,78367300,118367300
2024-05-07,93843650,66.14491735,79658100,119658100
2024-05-08,94174300,67.00853366,80081100,120081100
2024-05-09,92975100,65.62838511,78995500,118995500
2024-05-10,93487900,66.2741041,80095300,120095300
2024-05-13,93433520,65.91104289,80264540,120264540
2024-05-14,93506610,65.82742224,80251420,120251420
2024-05-16,94311070,67.1745478,81338840,121338840
2024-05-17,93803100,66.00367331,80471300,120471300
2024-05-20,93989900,66.5596154,81102500,121102500
2024-05-21,93272910,65.86439414,80630320,120630320
2024-05-22,93595600,65.85668519,80927900,120927900
2024-05-23,92736910,66.09411555,80640020,120640020
2024-05-24,91744140,64.54251581,79491080,119491080
2024-05-27,92290900,65.92709328,80275200,120275200
2024-05-28,92062900,65.94294743,80364500,120364500
2024-05-29,91102420,63.70289413,79438540,119438540
2024-05-30,90876230,61.16012754,78275860,118275860
2024-05-31,90581150,61.08951236,78135400,118135400
2024-06-03,91856900,62.91467557,79522800,119522800
2024-06-04,90935100,62.15017051,78420000,118420000
2024-06-05,91159450,63.16800332,78996500,118996500
2024-06-07,92081410,64.27184077,80231620,120231620
2024-06-10,91320640,62.97694623,79338180,119338180
2024-06-11,91357400,63.07985545,79455900,119455900
2024-06-12,91834670,63.6673772,80204540,120204540
2024-06-13,91856840,65.29876614,80132980,120132980
2024-06-14,91994360,65.73903503,80305220,120305220
2024-06-17,91658760,64.57527087,80292720,120292720
2024-06-18,92156760,65.5319006,80714220,120714220
2024-06-19,93250300,66.68292434,81952900,121952900
2024-06-20,93231300,66.77856152,82444800,122444800
2024-06-21,92929220,65.84489333,81667040,121667040
2024-06-24,92871450,64.6305969,81107700,121107700
2024-06-25,93201250,64.942588,81379100,121379100
2024-06-26,93602330,65.7081816,82114960,122114960
2024-06-27,93982000,65.48323879,81751400,121751400
2024-06-28,94568530,66.28258591,82066060,122066060
2024-07-01,94190570,66.44000827,82028740,122028740
2024-07-02,93566350,65.58664883,81371000,121371000
2024-07-03,93963090,66.22882767,82029380,122029380
2024-07-04,94864160,66.58484824,82861920,122861920
2024-07-05,96834790,67.56846437,84213580,124213580
2024-07-08,95586200,67.21930299,83233100,123233100
2024-07-09,95495670,67.89934753,83113640,123113640
2024-07-10,95418530,67.95478491,83098060,123098060
2024-07-11,96287570,68.65817832,84170940,124170940
2024-07-12,95160140,67.00327566,83338480,123338480
2024-07-15,95179380,67.00219873,82878960,122878960
2024-07-16,96137110,67.17878764,83052220,123052220
2024-07-17,95685720,66.06475394,82635740,122635740
2024-07-18,94784090,65.05195194,82075880,122075880
2024-07-19,94074580,63.50926826,81352960,121352960
2024-07-22,94049280,61.33740017,81108960,121108960
2024-07-23,94075480,62.41197948,81339460,121339460
2024-07-24,93863650,61.80212518,80895000,120895000
2024-07-25,92976820,58.86934541,79749540,119749540
2024-07-26,93121430,60.26415539,80249560,120249560
2024-07-29,94199830,61.83663463,81358260,121358260
2024-07-30,93428790,60.5493025,80395480,120395480
2024-07-31,94722850,61.91911775,81112400,121112400
2024-08-01,94008900,62.43928088,81189600,121189600
2024-08-02,92128600,54.91040334,78461100,118461100
2024-08-05,87784100,26.9621462,71899600,111899600
2024-08-06,88873589.8,32.6994351,74213200,114213200
2024-08-07,87019430,45.25963561,75229720,115229720
2024-08-08,86796430,45.99700768,74861320,114861320
2024-08-09,86938380,49.37141691,75445320,115445320
2024-08-12,87240100,52.27534384,75995600,115995600
2024-08-13,87332580,53.2043857,76407120,116407120
2024-08-14,87490420,55.4124018,76519980,116519980
2024-08-16,87781690,59.20739632,77729660,117729660
2024-08-19,87673740,55.72644681,77444060,117444060
2024-08-20,87805790,58.39797256,78037560,118037560
2024-08-21,88151400,58.50202779,78289400,118289400
2024-08-22,88681050,58.80833949,78813900,118813900
2024-08-23,88846300,58.55131152,78963600,118963600
2024-08-26,89302000,58.74748438,79201500,119201500
2024-08-27,89331850,59.448722,78780400,118780400
2024-08-28,88939250,59.8187797,78745600,118745600
2024-08-29,88709250,58.49619156,78261000,118261000
2024-08-30,88720500,59.78500028,78313100,118313100
2024-09-02,88926300,59.63413335,78649200,118649200
2024-09-03,89480100,58.75324876,78636000,118636000
2024-09-04,88312200,50.63493422,76444600,116444600
2024-09-05,88658200,51.04358807,76812600,116812600
2024-09-06,88167400,49.00801852,76078300,116078300
2024-09-09,87914550,49.87973219,75788000,115788000
2024-09-10,88006000,51.03367272,75936300,115936300
2024-09-11,87851950,50.66355458,75070700,115070700
2024-09-12,88426850,54.89328362,76567100,116567100
2024-09-13,88822150,55.1875053,77273500,117273500
2024-09-19,89064700,55.10930094,78009400,118009400
2024-09-20,89093050,56.62333532,78304300,118304300
2024-09-23,89170200,56.64450999,78436500,118436500
2024-09-24,89618500,57.23524417,78998700,118998700
2024-09-25,88655080,54.74341756,77433420,117433420
2024-09-26,89571850,56.30504027,79548100,119548100
2024-09-27,89461900,55.85589256,79108800,119108800
2024-09-30,88639250,53.92011759,77236300,117236300
2024-10-02,87937850,52.58825263,76171700,116171700
2024-10-04,88109500,53.1280786,76535600,116535600
2024-10-07,88315660,55.16634421,77648440,117648440
2024-10-08,87720950,54.56283433,76924800,116924800
2024-10-10,88192300,56.80782616,77528150,117528150
2024-10-11,87815100,57.88069335,77544950,117544950
2024-10-14,88426100,59.09404335,78369850,118369850
2024-10-15,88275900,60.01628722,78464700,118464700
2024-10-16,88183750,58.92166457,78006600,118006600
2024-10-17,87888250,59.42390132,77386700,117386700
2024-10-18,87972650,59.21376445,77283900,117283900
2024-10-21,88083650,59.58833105,77643300,117643300
2024-10-22,87808300,57.6891038,76829500,116829500
2024-10-23,88097950,58.49976686,77582600,117582600
2024-10-24,87716600,57.01489404,76767650,116767650
2024-10-25,87668450,56.95695271,77209050,117209050
2024-10-28,88254800,58.08243642,77801800,117801800
2024-10-29,88165850,58.59545006,77287200,117287200
2024-10-30,87861900,57.57320813,76698850,116698850
2024-10-31,86855450,55.29183598,74716450,114716450
2024-11-01,87158050,54.57292174,75250000,115250000
