날짜,종가,시가,고가,저가,거래량,변동 %
2019-01-02,19.74,18.95,20.19,18.92,,3.95%
2019-01-03,19.25,19.64,19.7,19.08,,-2.48%
2019-01-04,17.96,19.16,19.23,17.96,,-6.70%
2019-01-07,16.67,17.15,17.16,16.48,,-7.18%
2019-01-08,16.13,16.31,16.38,15.89,,-3.24%
2019-01-09,15.45,15.44,15.56,15.35,,-4.22%
2019-01-10,15.01,15.38,15.92,14.84,,-2.85%
2019-01-11,14.67,14.73,15.21,14.39,,-2.27%
2019-01-14,14.97,15.16,15.21,14.66,,2.04%
2019-01-15,15.06,14.58,15.17,14.29,,0.60%
2019-01-16,14.62,14.95,15.06,14.62,,-2.92%
2019-01-17,14.98,14.81,15.08,14.65,,2.46%
2019-01-18,14.32,14.85,14.91,14.31,,-4.41%
2019-01-21,14.64,14.95,15.18,14.64,,2.23%
2019-01-22,14.93,14.84,15.03,14.62,,1.98%
2019-01-23,14.8,15.13,15.22,14.8,,-0.87%
2019-01-24,14.03,14.63,14.72,14,,-5.20%
2019-01-25,14.42,13.91,14.89,13.91,,2.78%
2019-01-28,14.94,14.96,15.14,14.85,,3.61%
2019-01-29,15.18,15.23,15.46,15.14,,1.61%
2019-01-30,16.99,15.56,17.04,15.53,,11.92%
2019-01-31,15.51,16.14,16.16,15.51,,-8.71%
2019-02-01,14.86,15.6,15.6,14.72,,-4.19%
2019-02-07,14.75,15.24,15.26,14.66,,-0.74%
2019-02-08,14.83,15.15,15.47,14.76,,0.54%
2019-02-11,14.87,15.17,15.18,14.67,,0.27%
2019-02-12,14.88,14.7,14.88,14.54,,0.07%
2019-02-13,15.77,14.83,15.77,14.74,,5.98%
2019-02-14,13.76,15.69,15.69,13.4,,-12.75%
2019-02-15,14.24,13.94,14.67,13.79,,3.49%
2019-02-18,14.29,14.25,14.93,14.25,,0.35%
2019-02-19,15.15,15.48,15.53,14.7,,6.02%
2019-02-20,14.64,14.95,15.03,14.6,,-3.37%
2019-02-21,14.53,14.8,14.93,14.51,,-0.75%
2019-02-22,14.2,14.86,14.91,14.17,,-2.27%
2019-02-25,14.59,14.79,15.05,14.59,,2.75%
2019-02-26,14.63,14.8,14.91,14.51,,0.27%
2019-02-27,14.54,14.7,14.78,14.22,,-0.62%
2019-02-28,15.49,15.1,15.66,14.86,,6.53%
2019-03-04,15.01,14.8,15.07,14.61,,-3.10%
2019-03-05,14.75,15.29,15.31,14.75,,-1.73%
2019-03-06,14.53,14.93,14.97,14.52,,-1.49%
2019-03-07,14.55,14.78,15.14,14.55,,0.14%
2019-03-08,15.17,14.94,15.34,14.71,,4.26%
2019-03-11,15.58,15.33,15.98,15.3,,2.70%
2019-03-12,14.6,14.65,14.9,14.47,,-6.29%
2019-03-13,14.79,14.77,15.44,14.44,,1.30%
2019-03-14,13.96,14.33,14.67,13.79,,-5.61%
2019-03-15,13.6,13.92,14.27,13.43,,-2.58%
2019-03-18,13.9,14.23,14.32,13.89,,2.21%
2019-03-19,13.6,14.31,14.35,13.6,,-2.16%
2019-03-20,13.95,13.94,14.7,13.93,,2.57%
2019-03-21,13.48,13.72,13.9,13.41,,-3.37%
2019-03-22,13.1,13.35,13.36,13.09,,-2.82%
2019-03-25,15.06,14.67,15.18,14.63,,14.96%
2019-03-26,14.82,14.78,14.99,14.61,,-1.59%
2019-03-27,14.67,15.3,15.4,14.62,,-1.01%
2019-03-28,14.92,15.07,15.39,14.92,,1.70%
2019-03-29,14.29,14.84,14.91,14.08,,-4.22%
2019-04-01,13.73,13.8,13.9,13.65,,-3.92%
2019-04-02,13.34,13.42,13.65,13.33,,-2.84%
2019-04-03,13.29,13.4,13.43,13.1,,-0.37%
2019-04-04,13.6,13.49,13.6,13.3,,2.33%
2019-04-05,13.59,13.66,13.84,13.47,,-0.07%
2019-04-08,13.15,13.86,13.9,13.09,,-3.24%
2019-04-09,12.67,13.1,13.19,12.65,,-3.65%
2019-04-10,30.4,12.91,30.41,12.61,,139.94%
2019-04-11,12.29,12.62,12.63,12.1,,-59.57%
2019-04-12,12.41,12.7,12.76,12.33,,0.98%
2019-04-15,12.92,12.84,13.04,12.78,,4.11%
2019-04-16,12.66,13.04,13.08,12.62,,-2.01%
2019-04-17,12.65,12.81,12.82,12.65,,-0.08%
2019-04-18,12.85,12.88,13.13,12.78,,1.58%
2019-04-19,12.45,12.71,12.83,12.44,,-3.11%
2019-04-22,12.89,13.12,13.14,12.72,,3.53%
2019-04-23,12.72,12.96,12.99,12.64,,-1.32%
2019-04-24,12.9,12.88,13.42,12.79,,1.42%
2019-04-25,12.88,13.25,13.28,12.87,,-0.16%
2019-04-26,12.98,13.54,13.58,12.93,,0.78%
2019-04-29,13.22,13.1,13.3,12.76,,1.85%
2019-04-30,13.28,13.3,13.68,13.14,,0.45%
2019-05-02,13.72,13.7,13.83,13.32,,3.31%
2019-05-03,13.54,13.7,13.85,13.43,,-1.31%
2019-05-07,14.61,15.14,15.47,14.53,,7.90%
2019-05-08,15.83,15.97,15.99,15.23,,8.35%
2019-05-09,18.28,15.98,19.92,15.98,,15.48%
2019-05-10,18.53,17.53,19.97,17.53,,1.37%
2019-05-13,18.38,18.84,18.84,17.88,,-0.81%
2019-05-14,18.05,19,19.19,17.66,,-1.80%
2019-05-15,16.63,17.69,17.74,16.45,,-7.87%
2019-05-16,16.6,16.57,17.14,16.49,,-0.18%
2019-05-17,16.03,16.13,16.39,15.67,,-3.43%
2019-05-20,15.9,16.11,16.13,15.77,,-0.81%
2019-05-21,15.66,15.92,16.05,15.38,,-1.51%
2019-05-22,16.1,15.56,16.16,15.52,,2.81%
2019-05-23,16.4,16.31,16.84,16.21,,1.86%
2019-05-24,16.66,16.74,17.13,16.66,,1.59%
2019-05-27,17.07,17.27,17.3,16.95,,2.46%
2019-05-28,17.01,17.19,17.34,16.79,,-0.35%
2019-05-29,17.32,17.69,17.85,17.24,,1.82%
2019-05-30,16.67,17.01,17.35,16.67,,-3.75%
2019-05-31,17.32,17.23,17.34,16.83,,3.90%
2019-06-03,17.32,18.21,18.25,17.32,,0.00%
2019-06-04,17.4,17.47,17.66,17.32,,0.46%
2019-06-05,16.46,17,17.02,16.28,,-5.40%
2019-06-07,15.79,16.58,16.59,15.75,,-4.07%
2019-06-10,14.94,15.89,15.99,14.94,,-5.38%
2019-06-11,14.85,15.04,15.07,14.78,,-0.60%
2019-06-12,14.96,15.02,15.11,14.86,,0.74%
2019-06-13,14.89,14.88,15.42,14.51,,-0.47%
2019-06-14,14.4,15.05,15.12,14.33,,-3.29%
2019-06-17,14.68,15.01,15.01,14.6,,1.94%
2019-06-18,14.54,14.6,14.7,14.5,,-0.95%
2019-06-19,14.4,14.45,14.49,14.3,,-0.96%
2019-06-20,13.67,14.32,14.32,13.67,,-5.07%
2019-06-21,13.77,13.95,14.06,13.71,,0.73%
2019-06-24,13.99,14.43,14.46,13.81,,1.60%
2019-06-25,14.09,14.14,14.26,13.77,,0.71%
2019-06-26,14.05,14.4,14.41,14.05,,-0.28%
2019-06-27,13.94,14.15,14.37,13.94,,-0.78%
2019-06-28,14.43,14.22,14.49,14.14,,3.52%
2019-07-01,14.03,14.16,14.32,13.95,,-2.77%
2019-07-02,13.41,13.98,14.06,13.39,,-4.42%
2019-07-03,13.5,13.32,13.7,13.23,,0.67%
2019-07-04,13.15,13.39,13.46,13.1,,-2.59%
2019-07-05,13.16,13.31,13.36,13.02,,0.08%
2019-07-08,14.48,13.83,14.66,13.56,,10.03%
2019-07-09,14.43,14.41,14.43,14.08,,-0.35%
2019-07-10,14.63,14.21,14.66,14.05,,1.39%
2019-07-11,13.96,13.85,14.07,13.16,,-4.58%
2019-07-12,12.81,13.87,13.88,12.74,,-8.24%
2019-07-15,13.03,13.51,13.51,12.98,,1.72%
2019-07-16,12.57,12.89,13.01,12.56,,-3.53%
2019-07-17,13.04,12.94,13.44,12.92,,3.74%
2019-07-18,13.8,13.36,13.83,13.33,,5.83%
2019-07-19,13.11,13.24,13.42,13.1,,-5.00%
2019-07-22,13.67,13.78,13.88,13.67,,4.27%
2019-07-23,13.16,13.58,13.58,13.16,,-3.73%
2019-07-24,13.75,13.35,14,13.28,,4.48%
2019-07-25,14.09,14.17,14.43,13.95,,2.47%
2019-07-26,14.34,14.57,14.79,14.33,,1.77%
2019-07-29,15.08,15,15.47,14.81,,5.16%
2019-07-30,14.96,15.06,15.19,14.71,,-0.80%
2019-07-31,15.29,15.34,16.39,14.95,,2.21%
2019-08-01,15.22,15.85,15.87,14.97,,-0.46%
2019-08-02,16.01,16.44,16.97,15.87,,5.19%
2019-08-05,19.08,16.66,19.14,16.54,,19.18%
2019-08-06,20.62,22.65,23.82,18.65,,8.07%
2019-08-07,19.24,19.86,20.4,19.09,,-6.69%
2019-08-08,16.47,18.61,18.84,16.47,,-14.40%
2019-08-09,15.91,15.66,16.04,15.64,,-3.40%
2019-08-12,15.34,16.38,16.47,15.34,,-3.58%
2019-08-13,17.25,16.47,17.25,16.03,,12.45%
2019-08-14,16.09,15.8,16.21,15.72,,-6.72%
2019-08-16,17.06,17.76,17.97,17.04,,6.03%
2019-08-19,16.41,16.93,17.04,16.34,,-3.81%
2019-08-20,14.99,16.29,16.32,14.84,,-8.65%
2019-08-21,15.18,15.19,15.25,15.01,,1.27%
2019-08-22,15.23,15.05,15.37,14.98,,0.33%
2019-08-23,15.55,15.54,15.66,15.45,,2.10%
2019-08-26,17.33,17.43,17.83,17.06,,11.45%
2019-08-27,16.66,16.59,16.79,16.28,,-3.87%
2019-08-28,16.46,16.53,16.72,16.34,,-1.20%
2019-08-29,16.81,16.54,16.96,16.39,,2.13%
2019-08-30,15.75,15.63,15.92,15.63,,-6.31%
2019-09-02,16.15,16.36,16.36,15.92,,2.54%
2019-09-03,16.53,16.29,16.57,16.25,,2.35%
2019-09-04,15.97,16.42,16.43,15.83,,-3.39%
2019-09-05,15.07,15.69,15.86,15.07,,-5.64%
2019-09-06,14.54,14.69,14.74,14.23,,-3.52%
2019-09-09,14.37,14.44,14.52,14.05,,-1.17%
2019-09-10,13.43,14.19,14.22,13.43,,-6.54%
2019-09-11,13.5,13.33,14.03,13.33,,0.52%
2019-09-16,14.41,14.75,14.79,14.4,,6.74%
2019-09-17,14.63,14.6,14.7,14.55,,1.53%
2019-09-18,14.76,14.95,15.06,14.73,,0.89%
2019-09-19,14.26,14.72,14.72,14.17,,-3.39%
2019-09-20,14.08,14.48,14.49,14.07,,-1.26%
2019-09-23,14.7,14.76,14.8,14.62,,4.40%
2019-09-24,14.69,14.74,14.9,14.62,,-0.07%
2019-09-25,15.62,15.09,15.63,15.07,,6.33%
2019-09-26,15.06,15.52,15.61,14.94,,-3.59%
2019-09-27,14.85,15.25,15.35,14.77,,-1.39%
2019-09-30,15.15,15.57,15.58,15.04,,2.02%
2019-10-01,14.89,15.28,15.31,14.88,,-1.72%
2019-10-02,15.86,15.83,16.2,15.73,,6.51%
2019-10-04,16.31,16.02,16.34,15.46,,2.84%
2019-10-07,16.25,16.27,16.63,16.06,,-0.37%
2019-10-08,15.37,16.28,16.3,15.27,,-5.42%
2019-10-10,15.63,16.01,16.78,15.6,,1.69%
2019-10-11,14.84,15.05,15.06,14.55,,-5.05%
2019-10-14,14.3,14.32,14.43,14.21,,-3.64%
2019-10-15,13.8,14.29,14.31,13.78,,-3.50%
2019-10-16,13.27,13.32,13.65,13.17,,-3.84%
2019-10-17,13.34,13.45,13.51,13.28,,0.53%
2019-10-18,13.85,13.33,13.98,13.26,,3.82%
2019-10-21,13.84,14.24,14.31,13.84,,-0.07%
2019-10-22,13.09,13.67,13.68,13.01,,-5.42%
2019-10-23,13.22,13.41,13.57,13.22,,0.99%
2019-10-24,13.2,13.33,13.68,13.13,,-0.15%
2019-10-25,13.42,13.44,13.54,13.29,,1.67%
2019-10-28,13.64,13.61,13.82,13.54,,1.64%
2019-10-29,13.48,13.56,13.7,13.42,,-1.17%
2019-10-30,13.85,13.93,13.98,13.66,,2.74%
2019-10-31,13.59,13.5,13.7,13.26,,-1.88%
2019-11-01,13.22,13.72,13.73,13.22,,-2.72%
2019-11-04,13.32,13.48,13.48,13.28,,0.76%
2019-11-05,13.42,13.5,13.54,13.15,,0.75%
2019-11-06,13.89,13.49,13.92,13.46,,3.50%
2019-11-07,13.78,13.86,13.88,13.45,,-0.79%
2019-11-08,13.79,13.63,13.85,13.52,,0.07%
2019-11-11,14.21,14.18,14.21,13.88,,3.05%
2019-11-12,13.65,14.05,14.14,13.59,,-3.94%
2019-11-13,13.85,13.75,14,13.69,,1.47%
2019-11-14,13.42,13.66,13.66,13.28,,-3.10%
2019-11-15,13.11,13.27,13.39,13.11,,-2.31%
2019-11-18,13.34,13.78,13.78,13.34,,1.75%
2019-11-19,13.52,13.5,13.81,13.46,,1.35%
2019-11-20,14.11,13.85,14.18,13.74,,4.36%
2019-11-21,14.52,14.39,15.38,14.39,,2.91%
2019-11-22,13.88,14.49,14.58,13.81,,-4.41%
2019-11-25,13.91,14.05,14.09,13.75,,0.22%
2019-11-26,14.21,13.97,14.28,13.45,,2.16%
2019-11-27,13.85,14.33,14.44,13.75,,-2.53%
2019-11-28,13.77,14.09,14.19,13.77,,-0.58%
2019-11-29,13.96,13.94,14.36,13.79,,1.38%
2019-12-02,13.96,14.03,14.14,13.81,,0.00%
2019-12-03,14.26,14.68,14.74,14.1,,2.15%
2019-12-04,14.37,14.64,14.83,14.34,,0.77%
2019-12-05,14.55,14.05,14.95,13.98,,1.25%
2019-12-06,13.91,14.34,14.36,13.81,,-4.40%
2019-12-09,13.61,14.03,14.11,13.5,,-2.16%
2019-12-10,13.33,13.73,13.75,13.33,,-2.06%
2019-12-11,13.4,13.42,13.54,13.12,,0.53%
2019-12-12,13.39,13.32,13.71,13.28,,-0.07%
2019-12-13,13.12,13.65,13.69,12.91,,-2.02%
2019-12-16,13.27,13.49,13.55,13.22,,1.14%
2019-12-17,13.05,13.07,13.17,12.82,,-1.66%
2019-12-18,13.01,13.14,13.28,12.96,,-0.31%
2019-12-19,13.2,13.2,13.21,12.93,,1.46%
2019-12-20,13.08,13.21,13.48,13.05,,-0.91%
2019-12-23,13.97,13.57,14.05,13.57,,6.80%
2019-12-24,13.81,14.16,14.23,13.81,,-1.15%
2019-12-26,14.15,14.11,14.2,14.03,,2.46%
2019-12-27,14.13,14.36,14.72,14.13,,-0.14%
2019-12-30,14.69,14.86,15,14.69,,3.96%
2020-01-02,15.4,15.33,15.64,15.12,,4.83%
2020-01-03,15.88,15.34,16.18,15.17,,3.12%
2020-01-06,15.88,16.54,16.54,15.84,,0.00%
2020-01-07,15.08,15.44,15.45,14.92,,-5.04%
2020-01-08,15.97,16.3,17.07,15.57,,5.90%
2020-01-09,13.58,14.62,14.78,13.58,,-14.97%
2020-01-10,12.81,13.46,13.46,12.81,,-5.67%
2020-01-13,13.26,13.23,13.31,12.95,,3.51%
2020-01-14,13.41,13.3,13.48,13.09,,1.13%
2020-01-15,13.37,13.65,13.69,13.3,,-0.30%
2020-01-16,13.58,13.44,13.71,13.25,,1.57%
2020-01-17,13.6,13.6,13.83,13.5,,0.15%
2020-01-20,13.64,13.93,14.04,13.62,,0.29%
2020-01-21,14.41,13.84,14.41,13.81,,5.65%
2020-01-22,14.29,14.43,14.46,14.2,,-0.83%
2020-01-23,15.3,14.88,15.47,14.87,,7.07%
2020-01-28,18.32,17.48,19.05,17.41,,19.74%
2020-01-29,16.99,17.9,18.32,16.48,,-7.26%
2020-01-30,18.38,17.18,18.49,16.89,,8.18%
2020-01-31,19.29,17.97,19.56,17.56,,4.95%
2020-02-03,19.32,21.61,21.72,19.17,,0.16%
2020-02-04,18.39,18.75,18.84,18.1,,-4.81%
2020-02-05,18.23,18.01,18.55,17.77,,-0.87%
2020-02-06,17.81,17.58,17.97,17.25,,-2.30%
2020-02-07,17.53,17.7,18.2,17.53,,-1.57%
2020-02-10,18.22,18.89,19.01,18.16,,3.94%
2020-02-11,18.16,17.61,18.64,17.39,,-0.33%
2020-02-12,16.95,18.19,18.27,16.78,,-6.66%
2020-02-13,16.68,16.65,17.09,16.27,,-1.59%
2020-02-14,16.85,16.92,17.13,16.76,,1.02%
2020-02-17,17.16,17.6,17.67,16.99,,1.84%
2020-02-18,18.25,17.64,18.3,17.56,,6.35%
2020-02-19,18.19,17.99,18.64,17.9,,-0.33%
2020-02-20,18.24,18.07,19.17,17.72,,0.27%
2020-02-21,19.8,19.35,19.8,19.15,,8.55%
2020-02-24,23.65,22.81,23.74,22.67,,19.44%
2020-02-25,22.72,23.73,24.32,22.64,,-3.93%
2020-02-26,25.1,25.15,25.33,24.36,,10.48%
2020-02-27,26.84,25.48,27.62,25.24,,6.93%
2020-02-28,33.81,32.1,34.13,30.62,,25.97%
2020-03-02,32.66,35.08,36.76,31.89,,-3.40%
2020-03-03,29.49,28.89,29.92,27.84,,-9.71%
2020-03-04,26.76,29.23,29.24,26.6,,-9.26%
2020-03-05,23.66,25.73,25.73,23.42,,-11.58%
2020-03-06,27.47,26.43,28,26.13,,16.10%
2020-03-09,36.21,33.05,36.91,32.75,,31.82%
2020-03-10,34.8,36.82,37.15,34.48,,-3.89%
2020-03-11,37.6,34.51,38.27,34.47,,8.05%
2020-03-12,43.07,38.45,47.71,38.23,,14.55%
2020-03-13,53.86,51.07,60.71,48.86,,25.05%
2020-03-16,64.56,57.76,64.68,55.33,,19.87%
2020-03-17,64.49,67.88,70.51,61.79,,-0.11%
2020-03-18,62.8,62.22,62.8,57.58,,-2.62%
2020-03-19,69.24,62.7,71.75,60.8,,10.25%
2020-03-20,60.73,71.29,71.29,60.29,,-12.29%
2020-03-23,62.5,66.07,68.37,62.08,,2.91%
2020-03-24,53.78,62.09,62.13,53.39,,-13.95%
2020-03-25,49.32,53.38,53.38,49.28,,-8.29%
2020-03-26,52.76,50.79,53.01,50.05,,6.97%
2020-03-27,54.62,50.97,56.07,50.56,,3.53%
2020-03-30,54.83,55.88,57.11,53.79,,0.38%
2020-03-31,48.55,52.83,52.9,48.34,,-11.45%
2020-04-01,50,47.52,50.1,42.8,,2.99%
2020-04-02,47.24,50.15,50.65,47.24,,-5.52%
2020-04-03,45.34,46.32,46.8,45,,-4.02%
2020-04-06,38.26,44.15,44.15,37.97,,-15.62%
2020-04-07,36.14,36.33,38.41,35.89,,-5.54%
2020-04-08,40.05,37.46,40.11,37.24,,10.82%
2020-04-09,35.55,38.53,39.87,35.55,,-11.24%
2020-04-10,35.84,37.03,37.03,35.41,,0.82%
2020-04-13,39.69,38.24,39.92,38.02,,10.74%
2020-04-14,36.04,38.29,38.36,35.96,,-9.20%
2020-04-16,34.82,37.35,38.18,34.82,,-3.39%
2020-04-17,31.44,31.95,31.95,30.83,,-9.71%
2020-04-20,33.29,33.21,33.47,32.43,,5.88%
2020-04-21,36.53,34.7,41.74,34.25,,9.73%
2020-04-22,36.55,39.15,39.8,36.12,,0.05%
2020-04-23,34.46,35.91,36.39,34.45,,-5.72%
2020-04-24,37.54,35.93,37.77,35.83,,8.94%
2020-04-27,35.15,37.01,37.02,35,,-6.37%
2020-04-28,32.64,34.56,34.94,32.63,,-7.14%
2020-04-29,30.51,32.96,32.99,30.45,,-6.53%
2020-05-04,36.36,35.84,36.48,34.98,,19.17%
2020-05-06,31.81,34.26,35.13,31.81,,-12.51%
2020-05-07,31.31,32.57,32.67,30.55,,-1.57%
2020-05-08,28.77,29.77,29.77,28.47,,-8.11%
2020-05-11,29.33,28.18,29.6,27.65,,1.95%
2020-05-12,27.79,29.67,30.73,27.15,,-5.25%
2020-05-13,25.75,29.4,29.4,25.7,,-7.34%
2020-05-14,26.79,27.74,27.87,26.77,,4.04%
2020-05-15,26.96,26.38,27.83,26.35,,0.63%
2020-05-18,27.04,28.37,28.54,26.9,,0.30%
2020-05-19,25,25.5,25.64,24.92,,-7.54%
2020-05-20,24.85,25.33,25.43,24.7,,-0.60%
2020-05-21,23.57,24.13,24.19,23.48,,-5.15%
2020-05-22,27.74,24.07,28.09,23.95,,17.69%
2020-05-25,25.27,27.38,27.9,25.27,,-8.90%
2020-05-26,23.8,25.14,25.29,23.7,,-5.82%
2020-05-27,24.47,24.53,24.69,23.95,,2.82%
2020-05-28,25.24,23.95,26.11,23.88,,3.15%
2020-05-29,25.64,26.45,26.99,25.59,,1.58%
2020-06-01,24.94,26.28,26.37,24.84,,-2.73%
2020-06-02,25,25.44,25.62,24.96,,0.24%
2020-06-03,25.74,24.8,26.44,24.79,,2.96%
2020-06-04,25.69,26.36,27.04,25.58,,-0.19%
2020-06-05,25.45,25.73,25.83,25.01,,-0.93%
2020-06-08,27.4,26.27,27.66,26.21,,7.66%
2020-06-09,26.53,26.75,27.6,26.08,,-3.18%
2020-06-10,26.06,26.41,26.55,25.93,,-1.77%
2020-06-11,26.79,26.08,27.67,25.45,,2.80%
2020-06-12,32.88,33.2,34.44,31.16,,22.73%
2020-06-15,39.69,33.92,39.84,32.91,,20.71%
2020-06-16,35.9,35.8,35.9,34.69,,-9.55%
2020-06-17,37.05,36.17,38.6,36.17,,3.20%
2020-06-18,37.3,37.94,38.44,37.27,,0.67%
2020-06-19,34.04,38.01,38.4,33.53,,-8.74%
2020-06-22,34.03,35.39,35.52,32.79,,-0.03%
2020-06-23,31.73,31.8,34.52,31.1,,-6.76%
2020-06-24,30.2,31.35,31.35,30.03,,-4.82%
2020-06-25,33.12,31.86,33.2,31.65,,9.67%
2020-06-26,30.56,32.14,32.14,30.06,,-7.73%
2020-06-29,33.58,32.76,33.78,32.06,,9.88%
2020-06-30,31.07,31.54,31.55,30.14,,-7.47%
2020-07-01,29.9,29.96,30.07,28.97,,-3.77%
2020-07-02,27.45,29.04,29.08,27.45,,-8.19%
2020-07-03,24.78,27.04,27.05,24.69,,-9.73%
2020-07-06,24.02,24.64,24.65,23.71,,-3.07%
2020-07-07,24.85,23.62,25.07,23.62,,3.46%
2020-07-08,25.04,24.77,25.1,24.33,,0.76%
2020-07-09,23.38,24.22,24.29,23.19,,-6.63%
2020-07-10,24.83,24.56,24.96,23.73,,6.20%
2020-07-13,23.63,24.2,24.25,23.4,,-4.83%
2020-07-14,24.45,24.44,25.18,24.3,,3.47%
2020-07-15,23.63,23.35,24.05,23.35,,-3.35%
2020-07-16,23.48,23.64,23.85,23.14,,-0.63%
2020-07-17,22.34,22.9,23.12,22.3,,-4.86%
2020-07-20,22.37,22.98,23.14,22.3,,0.13%
2020-07-21,21.09,21.58,21.61,21.06,,-5.72%
2020-07-22,20.82,21.09,21.14,20.74,,-1.28%
2020-07-23,21,21.23,21.73,20.77,,0.86%
2020-07-24,22.5,21.43,22.61,21.36,,7.14%
2020-07-27,22.96,22.83,23.15,22.75,,2.04%
2020-07-28,22.92,22.66,23.03,22.39,,-0.17%
2020-07-29,23.33,23.21,23.63,23.19,,1.79%
2020-07-30,22.91,23.27,23.27,22.72,,-1.80%
2020-07-31,23.57,23.34,23.7,22.94,,2.88%
2020-08-03,23.52,24.26,24.27,23.48,,-0.21%
2020-08-04,22.42,22.99,23.28,22.4,,-4.68%
2020-08-05,21.58,22.17,22.19,21.57,,-3.75%
2020-08-06,22.06,21.74,22.42,21.66,,2.22%
2020-08-07,22.07,22.02,22.57,21.87,,0.05%
2020-08-10,22.94,22.77,22.98,22.54,,3.94%
2020-08-11,22.98,22.75,23.08,22.58,,0.17%
2020-08-12,22.86,23.14,23.63,22.82,,-0.52%
2020-08-13,22.12,22.61,22.66,21.96,,-3.24%
2020-08-14,22.58,22.14,23.51,22.1,,2.08%
2020-08-18,25.21,23.22,25.68,23,,11.65%
2020-08-19,24.38,24.16,24.69,23.93,,-3.29%
2020-08-20,28.18,24.96,28.22,24.66,,15.59%
2020-08-21,26.89,26.15,27.35,25.74,,-4.58%
2020-08-24,26.44,28.19,28.23,26.44,,-1.67%
2020-08-25,24.63,26.39,26.39,24.55,,-6.85%
2020-08-26,25.44,24.76,25.98,24.74,,3.29%
2020-08-27,27.22,26.1,27.23,25.87,,7.00%
2020-08-28,26.4,26.95,26.98,25.89,,-3.01%
2020-08-31,27.77,26.07,27.81,26.07,,5.19%
2020-09-01,27.59,27.21,28.08,27.17,,-0.65%
2020-09-02,26.26,27.12,27.2,26.23,,-4.82%
2020-09-03,25.3,25.73,25.73,25.05,,-3.66%
2020-09-04,27.83,28.26,28.54,27.22,,10.00%
2020-09-07,25.85,27.83,27.93,25.85,,-7.11%
2020-09-08,23.87,25.01,25.29,23.87,,-7.66%
2020-09-09,24.73,25.84,26.03,24.21,,3.60%
2020-09-10,22.14,23.27,23.27,22.01,,-10.47%
2020-09-11,21.68,22.62,22.82,21.55,,-2.08%
2020-09-14,21.28,21.61,21.77,21.2,,-1.85%
2020-09-15,20.97,21.31,21.56,20.9,,-1.46%
2020-09-16,21.05,21.21,21.27,20.73,,0.38%
2020-09-17,22.31,21.31,22.31,21.3,,5.99%
2020-09-18,21.59,21.83,22.51,21.59,,-3.23%
2020-09-21,23.31,22.68,23.52,22.22,,7.97%
2020-09-22,25.2,23.62,25.6,23.59,,8.11%
2020-09-23,24.64,24.61,26.55,24.57,,-2.22%
2020-09-24,27.21,26.33,27.56,26.33,,10.43%
2020-09-25,26.13,26.46,27.15,26.13,,-3.97%
2020-09-28,25.01,26.32,26.38,25.01,,-4.29%
2020-09-29,24.15,24.73,24.75,24.11,,-3.44%
2020-10-05,23.87,25.32,25.49,23.81,,-1.16%
2020-10-06,22.29,23.1,23.12,22.18,,-6.62%
2020-10-07,21.55,22.81,22.87,21.55,,-3.32%
2020-10-08,21,20.99,21.91,20.99,,-2.55%
2020-10-12,20.36,21.32,21.34,20.36,,-3.05%
2020-10-13,20.34,20.07,21.24,20.07,,-0.10%
2020-10-14,20.97,20.5,21.33,20.43,,3.10%
2020-10-15,21.47,21.25,22,21.17,,2.38%
2020-10-16,22.03,21.21,22.76,21.2,,2.61%
2020-10-19,22.51,22.31,22.55,21.89,,2.18%
2020-10-20,22.18,22.79,23.47,22.18,,-1.47%
2020-10-21,21.88,22.33,22.62,21.88,,-1.35%
2020-10-22,22.54,22.88,23.23,22.52,,3.02%
2020-10-23,21.9,22.52,22.96,21.88,,-2.84%
2020-10-26,22.94,22.72,22.96,22.5,,4.75%
2020-10-27,23.58,23.83,23.84,23.25,,2.79%
2020-10-28,23.29,23.98,24.31,23.22,,-1.23%
2020-10-29,25.9,25.39,27.1,25.28,,11.21%
2020-10-30,31.97,26.99,32.3,26.94,,23.44%
2020-11-02,28.65,31.83,31.83,28.54,,-10.38%
2020-11-03,26.54,27.74,27.74,26.27,,-7.36%
2020-11-04,24.75,25.43,26.46,24.38,,-6.74%
2020-11-05,22.16,23.09,23.09,22.03,,-10.46%
2020-11-06,21.74,21.62,22.01,21.56,,-1.90%
2020-11-09,21.58,21.58,21.74,21.1,,-0.74%
2020-11-10,21.02,21.65,21.98,21,,-2.59%
2020-11-11,20.68,20.51,20.9,20.45,,-1.62%
2020-11-12,19.85,20.47,20.52,19.84,,-4.01%
2020-11-13,19.77,20.32,20.5,19.76,,-0.40%
2020-11-16,20.5,20.48,20.91,20.42,,3.69%
2020-11-17,19.72,20.43,20.43,19.47,,-3.80%
2020-11-18,19.63,19.64,19.75,19.24,,-0.46%
2020-11-19,19.41,19.93,20,19.38,,-1.12%
2020-11-20,19.21,19.61,19.66,19.09,,-1.03%
2020-11-23,19.79,19.54,20.03,19.35,,3.02%
2020-11-24,19.81,19.54,19.81,19.26,,0.10%
2020-11-25,20.82,19.9,21.13,19.88,,5.10%
2020-11-26,20,20.76,20.77,19.87,,-3.94%
2020-11-27,19.66,20.15,20.19,19.66,,-1.70%
2020-11-30,20.77,20.35,20.85,20.34,,5.65%
2020-12-01,20.21,20.55,20.71,20.1,,-2.70%
2020-12-02,20.18,20.54,20.57,20.13,,-0.15%
2020-12-03,20.02,20.17,20.2,19.86,,-0.79%
2020-12-04,21.01,20.27,21.31,20.19,,4.95%
2020-12-07,21.3,21.69,21.72,21.11,,1.38%
2020-12-08,20.7,21.31,21.35,20.6,,-2.82%
2020-12-09,20.15,20.63,20.63,20.07,,-2.66%
2020-12-10,20.03,20.72,20.87,19.92,,-0.60%
2020-12-11,19.85,19.67,19.97,19.48,,-0.90%
2020-12-14,21.25,20.89,21.29,20.8,,7.05%
2020-12-15,21.27,21.74,22.08,21,,0.09%
2020-12-16,20.4,20.93,20.93,20.35,,-4.09%
2020-12-17,19.85,20.36,20.4,19.75,,-2.70%
2020-12-18,19.57,19.78,19.87,19.53,,-1.41%
2020-12-21,20.54,20.56,21.13,20.39,,4.96%
2020-12-22,22.85,21.18,23,21.1,,11.25%
2020-12-23,21.52,22.13,22.84,21.52,,-5.82%
2020-12-24,21.53,21.12,22.12,20.68,,0.05%
2020-12-28,23.14,22.88,23.21,22.76,,7.48%
2020-12-29,21.63,22.95,23.26,21.62,,-6.53%
2020-12-30,22.09,21.83,22.43,21.63,,2.13%
2021-01-04,24.81,24.08,25.05,24.01,,12.31%
2021-01-05,26.22,25.54,26.75,25.54,,5.68%
2021-01-06,27.6,27.01,28.28,26.77,,5.26%
2021-01-07,26.75,27.41,27.41,26.05,,-3.08%
2021-01-08,29.18,26.75,29.32,26.54,,9.08%
2021-01-11,35.65,29.63,36.58,29.45,,22.17%
2021-01-12,34.95,35.99,36.57,33.81,,-1.96%
2021-01-13,32,34.51,34.61,31.97,,-8.44%
2021-01-14,29.68,31.79,32.03,29.44,,-7.25%
2021-01-15,31.56,29.17,31.73,28.14,,6.33%
2021-01-18,33.18,32.62,33.65,32.2,,5.13%
2021-01-19,34.08,33.1,35.48,31.62,,2.71%
2021-01-20,33.32,33.66,34.93,33.2,,-2.23%
2021-01-21,30.63,32.53,32.53,30.35,,-8.07%
2021-01-22,29.36,30.32,30.32,28.63,,-4.15%
2021-01-25,28.97,29.46,29.52,28.79,,-1.33%
2021-01-26,29.99,29.22,30.81,28.96,,3.52%
2021-01-27,29.41,29.7,30.42,29.39,,-1.93%
2021-01-28,33.09,31.72,33.86,31.69,,12.51%
2021-01-29,35.73,32.59,37.04,32.19,,7.98%
2021-02-01,34.16,37.44,37.5,34.13,,-4.39%
2021-02-02,33.4,33.4,34.96,33.32,,-2.22%
2021-02-03,31.29,33.15,33.16,31.24,,-6.32%
2021-02-04,32.06,31.83,33.25,31.77,,2.46%
2021-02-05,28.65,31.38,31.96,28.55,,-10.64%
2021-02-08,27.33,29.73,29.73,27.02,,-4.61%
2021-02-09,25.21,26.88,26.88,24.75,,-7.76%
2021-02-10,26.43,25.16,27.04,24.51,,4.84%
2021-02-15,26.22,27.26,27.29,26.01,,-0.79%
2021-02-16,25.08,26.35,26.47,25.08,,-4.35%
2021-02-17,25.58,25.62,26.72,25.52,,1.99%
2021-02-18,26.1,25.85,26.41,25.21,,2.03%
2021-02-19,26.86,26.46,29.15,26.29,,2.91%
2021-02-22,27.64,27.36,28.01,26.76,,2.90%
2021-02-23,27.16,28.07,29.22,26.98,,-1.74%
2021-02-24,28.93,27.67,29.23,26.94,,6.52%
2021-02-25,27.92,27.82,28.14,27.25,,-3.49%
2021-02-26,31.34,30.3,32.99,30.3,,12.25%
2021-03-02,30.97,30.35,31.91,29.71,,-1.18%
2021-03-03,28.31,31.41,31.42,28.27,,-8.59%
2021-03-04,29.5,29.26,30.66,29.05,,4.20%
2021-03-05,29.09,30.91,31.43,29.05,,-1.39%
2021-03-08,29.48,29.52,29.65,27.73,,1.34%
2021-03-09,29.78,29.41,32.36,29.33,,1.02%
2021-03-10,28.85,28.48,29.66,28.35,,-3.12%
2021-03-11,26.45,27.61,27.78,26.45,,-8.32%
2021-03-12,25.64,26.22,26.32,25.48,,-3.06%
2021-03-15,25.9,26.34,26.34,25.61,,1.01%
2021-03-16,24.28,25.36,25.48,24.27,,-6.25%
2021-03-17,24.53,24.42,25.56,24.41,,1.03%
2021-03-18,22.69,23.71,23.71,22.69,,-7.50%
2021-03-19,23.61,23.85,24.18,23.31,,4.05%
2021-03-22,23.7,24.16,24.47,23.68,,0.38%
2021-03-23,23.19,22.92,23.42,22.77,,-2.15%
2021-03-24,22.71,23.76,23.8,22.71,,-2.07%
2021-03-25,21.69,22.92,22.94,21.58,,-4.49%
2021-03-26,20.36,21.29,21.31,20.36,,-6.13%
2021-03-29,21.01,21.31,21.36,20.41,,3.19%
2021-03-30,20.64,20.92,21,20.5,,-1.76%
2021-03-31,20.44,20.48,20.65,20.2,,-0.97%
2021-04-01,19.88,20.19,20.49,19.88,,-2.74%
2021-04-02,19.51,20.13,20.19,19.51,,-1.86%
2021-04-05,18.97,19.64,19.7,18.83,,-2.77%
2021-04-06,18.34,18.87,18.87,18.27,,-3.32%
2021-04-07,17.45,17.87,18.04,17.45,,-4.85%
2021-04-08,16.19,17.17,17.2,16.08,,-7.22%
2021-04-09,16.69,16.3,17.37,16.3,,3.09%
2021-04-12,16.54,17.38,17.39,16.54,,-0.90%
2021-04-13,17.11,16.5,17.11,16.27,,3.45%
2021-04-14,16.49,16.73,16.9,16.3,,-3.62%
2021-04-15,17.6,16.56,17.61,16.49,,6.73%
2021-04-16,17.61,17.85,18.37,17.6,,0.06%
2021-04-19,18.04,18.43,18.53,18.03,,2.44%
2021-04-20,17.96,18.38,18.39,17.89,,-0.44%
2021-04-21,18.95,18.39,19.46,18.28,,5.51%
2021-04-22,17.86,18.55,18.64,17.67,,-5.75%
2021-04-23,18.33,18.79,18.79,18.07,,2.63%
2021-04-26,18.36,18.7,18.71,18.26,,0.16%
2021-04-27,18.1,18.48,18.64,18.09,,-1.42%
2021-04-28,18.92,18.28,19.29,18.26,,4.53%
2021-04-29,18.92,18.21,19.13,18.05,,0.00%
2021-04-30,18.84,19.13,19.94,18.65,,-0.42%
2021-05-03,18.09,19.25,19.25,18.03,,-3.98%
2021-05-04,16.89,18.09,18.1,16.89,,-6.63%
2021-05-06,17,17.32,17.33,16.72,,0.65%
2021-05-07,16.43,16.95,16.95,16.4,,-3.35%
2021-05-10,17.34,16.83,17.34,16.26,,5.54%
2021-05-11,20,17.9,21.51,17.87,,15.34%
2021-05-12,22.17,20.09,24.74,19.84,,10.85%
2021-05-13,21.9,23.81,23.81,21.42,,-1.22%
2021-05-14,19.32,20.15,20.34,18.84,,-11.78%
2021-05-17,19.29,18.92,20.06,18.88,,-0.16%
2021-05-18,18.23,18.99,19.01,18.19,,-5.50%
2021-05-20,19.12,19.11,20.04,19.03,,4.88%
2021-05-21,20.09,18.7,21.68,18.63,,5.07%
2021-05-24,20.59,20.66,21.02,20.42,,2.49%
2021-05-25,18.99,20.06,20.18,18.99,,-7.77%
2021-05-26,18.68,19.03,19.03,18.47,,-1.63%
2021-05-27,18.29,18.45,19.02,18.04,,-2.09%
2021-05-28,17.31,17.9,17.9,17,,-5.36%
2021-05-31,17.04,17.81,17.81,17.04,,-1.56%
2021-06-01,16.48,16.84,16.84,16.44,,-3.29%
2021-06-02,16.63,16.73,16.76,16.52,,0.91%
2021-06-03,17.48,16.62,17.71,16.61,,5.11%
2021-06-04,17.43,17.85,17.91,17.26,,-0.29%
2021-06-07,17.04,17.56,17.61,16.98,,-2.24%
2021-06-08,16.24,16.73,16.75,16.14,,-4.69%
2021-06-09,16.58,16.27,16.6,15.85,,2.09%
2021-06-10,15.44,16.34,16.34,15.37,,-6.88%
2021-06-11,14.51,15.2,15.29,14.5,,-6.02%
2021-06-14,14.46,15.14,15.15,14.45,,-0.34%
2021-06-15,14.33,14.68,14.75,14.33,,-0.90%
2021-06-16,14.7,14.8,15.02,14.62,,2.58%
2021-06-17,14.98,15.21,15.38,14.9,,1.90%
2021-06-18,14.62,14.97,14.97,14.53,,-2.40%
2021-06-21,16.28,16.04,17.07,15.97,,11.35%
2021-06-22,15.11,15.38,15.4,15.02,,-7.19%
2021-06-23,14.75,14.86,15.02,14.72,,-2.38%
2021-06-24,14.84,14.74,14.96,14.66,,0.61%
2021-06-25,14.82,14.84,15.13,14.7,,-0.13%
2021-06-28,14.8,15.28,15.29,14.8,,-0.13%
2021-06-29,14.52,14.78,14.8,14.51,,-1.89%
2021-06-30,14.17,14.3,14.31,14.04,,-2.41%
2021-07-01,14.33,14.32,14.51,14.24,,1.13%
2021-07-02,13.74,14.19,14.19,13.63,,-4.12%
2021-07-05,13.11,13.54,13.54,12.96,,-4.59%
2021-07-06,12.71,12.8,12.89,12.65,,-3.05%
2021-07-07,13.29,13.09,13.76,13.08,,4.56%
2021-07-08,14.19,12.79,14.19,12.68,,6.77%
2021-07-09,15.12,14.99,17.07,14.96,,6.55%
2021-07-12,13.62,14.35,14.38,13.61,,-9.92%
2021-07-13,12.55,12.83,12.85,12.51,,-7.86%
2021-07-14,12.97,13.07,13.19,12.74,,3.35%
2021-07-15,13.04,13.02,13.36,12.87,,0.54%
2021-07-16,13.23,13.55,13.83,13.23,,1.46%
2021-07-19,15.25,15.07,15.75,14.96,,15.27%
2021-07-20,15.68,16.5,16.53,15.68,,2.82%
2021-07-21,16.12,15.14,16.16,15.04,,2.81%
2021-07-22,14.6,15.02,15.02,14.48,,-9.43%
2021-07-23,14.42,14.74,14.74,14.29,,-1.23%
2021-07-26,16.05,15.28,16.16,15.25,,11.30%
2021-07-27,15.75,15.46,15.88,15.25,,-1.87%
2021-07-28,16.11,16.21,16.97,15.86,,2.29%
2021-07-29,15.58,15.78,16.14,15.56,,-3.29%
2021-07-30,17.3,16.21,17.31,16.19,,11.04%
2021-08-02,15.77,16.95,16.96,15.77,,-8.84%
2021-08-03,14.78,15.52,15.57,14.78,,-6.28%
2021-08-04,14.77,14.54,15.09,14.02,,-0.07%
2021-08-05,14.53,14.96,14.96,14.39,,-1.62%
2021-08-06,14.18,14.68,14.71,14.18,,-2.41%
2021-08-09,14.28,14.87,14.95,14.14,,0.71%
2021-08-10,14.52,14.28,15.19,14.2,,1.68%
2021-08-11,15.12,14.71,15.26,14.38,,4.13%
2021-08-12,14.09,14.63,14.83,13.93,,-6.81%
2021-08-13,15.45,14.7,17.29,14.7,,9.65%
2021-08-17,16.34,15.8,16.9,15.53,,5.76%
2021-08-18,15.48,16.81,17.2,15.13,,-5.26%
2021-08-19,17.82,16.14,17.91,15.82,,15.12%
2021-08-20,18.92,17.86,20.08,17.34,,6.17%
2021-08-23,17.29,18.34,18.54,16.99,,-8.62%
2021-08-24,15.62,16.19,16.19,15.59,,-9.66%
2021-08-25,15.48,15.39,15.97,15.27,,-0.90%
2021-08-26,16.15,15.44,16.31,15.43,,4.33%
2021-08-27,16.17,16.67,17.07,16.1,,0.12%
2021-08-30,15.88,15.61,16.16,15.61,,-1.79%
2021-08-31,14.76,16.01,16.13,14.75,,-7.05%
2021-09-01,14.96,15.17,15.31,14.87,,1.36%
2021-09-02,15.25,15.21,15.86,15.18,,1.94%
2021-09-03,14.62,15.07,15.14,14.61,,-4.13%
2021-09-06,14.24,14.57,14.76,14.23,,-2.60%
2021-09-07,14.18,14.3,14.67,14.17,,-0.42%
2021-09-08,14.73,14.48,15.33,14.21,,3.88%
2021-09-09,16.02,14.87,16.45,14.59,,8.76%
2021-09-10,15.18,15.68,15.95,15.1,,-5.24%
2021-09-13,15.28,15.78,15.97,15.16,,0.66%
2021-09-14,14.67,14.69,14.81,14.46,,-3.99%
2021-09-15,14.66,14.85,15.12,14.61,,-0.07%
2021-09-16,15.44,15.08,15.82,14.96,,5.32%
2021-09-17,15.48,16.06,16.13,15.17,,0.26%
2021-09-23,16.72,16.95,17.22,16.54,,8.01%
2021-09-24,16.33,16.45,16.48,16.01,,-2.33%
2021-09-27,15.92,16.68,16.69,15.87,,-2.51%
2021-09-28,16.45,16.09,16.55,16.05,,3.33%
2021-09-29,17.87,17.79,19.34,17.46,,8.63%
2021-09-30,17.35,17.96,18.07,17.22,,-2.91%
2021-10-01,18.91,18.05,19.65,18.02,,8.99%
2021-10-05,21.22,20.71,22.98,20.56,,12.22%
2021-10-06,21.84,21.24,22.06,20.28,,2.92%
2021-10-07,20.54,21.12,21.44,20.53,,-5.95%
2021-10-08,20.47,20.17,20.61,19.81,,-0.34%
2021-10-12,22.4,22.11,22.63,21.61,,9.43%
2021-10-13,20.54,21.87,21.91,20.48,,-8.30%
2021-10-14,18.21,19.45,19.57,18.16,,-11.34%
2021-10-15,17.03,17.25,17.97,17.02,,-6.48%
2021-10-18,18.01,18.89,18.93,17.66,,5.75%
2021-10-19,17.24,17.41,17.76,17.17,,-4.28%
2021-10-20,17.73,17.11,17.76,16.89,,2.84%
2021-10-21,17.68,17.81,17.87,17.24,,-0.28%
2021-10-22,17.2,17.89,17.89,17.14,,-2.71%
2021-10-25,17.03,18.5,18.53,17.03,,-0.99%
2021-10-26,16.11,16.51,16.53,16.01,,-5.40%
2021-10-27,16.88,16.5,17.03,16.48,,4.78%
2021-10-28,17.09,17.01,17.09,16.58,,1.24%
2021-10-29,18.55,17.07,18.85,17.03,,8.54%
2021-11-01,18.33,18.46,18.46,17.92,,-1.19%
2021-11-02,17.28,17.6,17.64,16.82,,-5.73%
2021-11-03,18.36,17.69,18.55,17.4,,6.25%
2021-11-04,17.6,17.33,17.8,17.13,,-4.14%
2021-11-05,18.02,17.93,18.42,17.52,,2.39%
2021-11-08,18.24,19.12,19.38,18.12,,1.22%
2021-11-09,18,17.77,18.57,17.75,,-1.32%
2021-11-10,18.19,18.3,18.46,17.79,,1.06%
2021-11-11,16.98,18.31,18.43,16.98,,-6.65%
2021-11-12,16.18,16.47,16.54,16.15,,-4.71%
2021-11-15,15.9,16.12,16.14,15.9,,-1.73%
2021-11-16,15.97,16.2,16.31,15.92,,0.44%
2021-11-17,16.51,16.18,16.71,16.17,,3.38%
2021-11-18,16.74,16.72,17.09,16.54,,1.39%
2021-11-19,16.25,16.54,16.86,16.25,,-2.93%
2021-11-22,16.17,16.26,16.52,16.14,,-0.49%
2021-11-23,16.5,16.43,16.52,16.35,,2.04%
2021-11-24,16.27,16.34,16.7,16.19,,-1.39%
2021-11-25,16.16,16.45,16.49,16.16,,-0.68%
2021-11-26,18.04,16.38,18.25,16.38,,11.63%
2021-11-29,20.92,20.71,21.41,19.94,,15.96%
2021-11-30,23.23,18.93,24.98,18.76,,11.04%
2021-12-01,20.57,22.07,22.93,20.57,,-11.45%
2021-12-02,21.02,21.65,22.04,20.84,,2.19%
2021-12-03,20.09,21.51,21.52,20.01,,-4.42%
2021-12-06,20.91,21.49,21.69,20.44,,4.08%
2021-12-07,18.48,20.85,20.99,18.43,,-11.62%
2021-12-08,17.69,17.16,18.34,17.07,,-4.27%
2021-12-09,16.65,16.95,17.01,16.27,,-5.88%
2021-12-10,17.39,17.02,17.41,16.83,,4.44%
2021-12-13,18,17.19,18.1,16.92,,3.51%
2021-12-14,18.4,18.45,18.88,18.07,,2.22%
2021-12-15,18.43,18.8,18.98,18.28,,0.16%
2021-12-16,16.98,17.09,17.67,16.97,,-7.87%
2021-12-17,17.02,17.43,17.48,16.98,,0.24%
2021-12-20,19.52,18.39,19.55,18.22,,14.69%
2021-12-21,18.32,18.43,19.11,18.12,,-6.15%
2021-12-22,17.42,17.51,17.82,17.42,,-4.91%
2021-12-23,16.93,17.24,17.28,16.89,,-2.81%
2021-12-24,16.5,16.58,16.69,16.47,,-2.54%
2021-12-27,17.46,17.29,17.6,17.18,,5.82%
2021-12-28,17.07,17.76,17.78,16.94,,-2.23%
2021-12-29,16.55,16.95,16.98,16.48,,-3.05%
2021-12-30,16.5,16.53,16.66,16.33,,-0.30%
2022-01-03,16.57,16.63,16.9,16.38,,0.42%
2022-01-04,16,16.59,16.65,16,,-3.44%
2022-01-05,16.58,16.11,16.94,16.06,,3.62%
2022-01-06,17.52,17.07,17.58,16.7,,5.67%
2022-01-07,16.99,16.78,17.4,16.35,,-3.03%
2022-01-10,17.41,18.03,18.26,17.26,,2.47%
2022-01-11,17.27,16.78,17.61,16.75,,-0.80%
2022-01-12,15.91,16.21,16.32,15.78,,-7.87%
2022-01-13,15.96,15.55,15.96,15.35,,0.31%
2022-01-14,16.97,17.01,17.66,16.78,,6.33%
2022-01-17,17.53,17.77,18.23,17.52,,3.30%
2022-01-18,18.16,17.77,18.53,17.27,,3.59%
2022-01-19,18.76,18.8,19.04,18.24,,3.30%
2022-01-20,17.99,18.8,18.84,17.97,,-4.10%
2022-01-21,19.36,19.2,20.44,19.04,,7.62%
2022-01-24,21.48,20.77,22.19,20.77,,10.95%
2022-01-25,26.26,23.35,27.65,23.33,,22.25%
2022-01-26,24.83,25.31,25.84,24.44,,-5.45%
2022-01-27,27.94,24.62,28.73,24.43,,12.53%
2022-01-28,23.97,26.17,27.18,23.74,,-14.21%
2022-02-03,22.92,22.33,23.17,21.23,,-4.38%
2022-02-04,21.02,21.95,22.73,20.95,,-8.29%
2022-02-07,21.59,22.47,22.71,21.59,,2.71%
2022-02-08,21.06,20.64,21.76,20.43,,-2.45%
2022-02-09,19.68,19.89,20.08,19.59,,-6.55%
2022-02-10,19.21,18.95,19.43,18.75,,-2.39%
2022-02-11,20.92,20.61,21.05,19.95,,8.90%
2022-02-14,23.84,23.3,24.65,23.28,,13.96%
2022-02-15,24.62,23.99,25.26,23.46,,3.27%
2022-02-16,21.94,22.49,22.52,21.93,,-10.89%
2022-02-17,23.28,21.57,23.96,20.82,,6.11%
2022-02-18,23.68,24.56,25.27,23.56,,1.72%
2022-02-21,23.79,26.03,26.1,23.79,,0.46%
2022-02-22,25.34,25.53,26.39,24.85,,6.52%
2022-02-23,24.07,24.52,24.77,23.81,,-5.01%
2022-02-24,27.09,25.2,28.09,25.17,,12.55%
2022-02-25,23.84,25.19,25.22,23.83,,-12.00%
2022-02-28,24.41,25.34,25.64,24.38,,2.39%
2022-03-02,24.89,24.93,25.21,24.51,,1.97%
2022-03-03,22.73,23.27,23.37,22.65,,-8.68%
2022-03-04,24.57,23.63,25.7,23.58,,8.10%
2022-03-07,27.84,27.42,28.99,27.24,,13.31%
2022-03-08,28.95,29.27,29.3,27.92,,3.99%
2022-03-10,25.71,25.14,26.08,24.64,,-11.19%
2022-03-11,24.41,24.33,25.7,23.76,,-5.06%
2022-03-14,24.7,24.6,25.22,24.14,,1.19%
2022-03-15,25.77,25.15,26.38,24.92,,4.33%
2022-03-16,23.74,24.95,25.51,23.52,,-7.88%
2022-03-17,22.55,21.44,23.27,21.34,,-5.01%
2022-03-18,21.93,22.58,22.79,21.92,,-2.75%
2022-03-21,22.4,22.51,22.8,22.22,,2.14%
2022-03-22,21.03,22.08,22.08,20.93,,-6.12%
2022-03-23,19.61,19.64,20.15,19.5,,-6.75%
2022-03-24,19.73,20.08,20.41,19.58,,0.61%
2022-03-25,19.62,19.8,19.93,19.35,,-0.56%
2022-03-28,19.6,20.35,20.4,19.6,,-0.10%
2022-03-29,18.75,18.87,19.26,18.75,,-4.34%
2022-03-30,17.88,17.95,18.21,17.83,,-4.64%
2022-03-31,17.14,17.92,17.95,17.05,,-4.14%
2022-04-01,17.07,17.69,17.69,17.05,,-0.41%
2022-04-04,16.49,17.53,17.54,16.48,,-3.40%
2022-04-05,15.91,16.3,16.52,15.91,,-3.52%
2022-04-06,16.79,16.73,17.06,16.53,,5.53%
2022-04-07,17.78,17.29,18.33,17.27,,5.90%
2022-04-08,17.1,17.3,17.73,17.1,,-3.82%
2022-04-11,17.57,17.86,17.91,17.19,,2.75%
2022-04-12,18.47,18.02,18.91,17.99,,5.12%
2022-04-13,17.02,17.82,17.95,17.02,,-7.85%
2022-04-14,17.13,17.05,17.37,16.95,,0.65%
2022-04-15,17.77,18.18,18.34,17.69,,3.74%
2022-04-18,18.88,19.11,19.14,18.83,,6.25%
2022-04-19,17.69,17.91,17.93,17.62,,-6.30%
2022-04-20,17.34,17.79,17.86,17.3,,-1.98%
2022-04-21,16.77,16.79,16.99,16.54,,-3.29%
2022-04-22,17.75,18.21,18.28,17.66,,5.84%
2022-04-25,21.05,20.42,21.45,20.41,,18.59%
2022-04-26,19.94,20.12,20.16,19.53,,-5.27%
2022-04-27,21.98,22.87,22.87,21.69,,10.23%
2022-04-28,20.45,21.52,21.66,20.45,,-6.96%
2022-04-29,18.92,19.99,19.99,18.92,,-7.48%
2022-05-02,20.5,20.95,21.13,20.45,,8.35%
2022-05-03,20.25,20.27,20.4,19.47,,-1.22%
2022-05-04,19.61,19.62,19.98,19.43,,-3.16%
2022-05-06,20.87,21.21,21.23,20.4,,6.43%
2022-05-09,21.39,21.27,21.9,21.27,,2.49%
2022-05-10,22.11,23.05,24.09,21.85,,3.37%
2022-05-11,21.1,21.76,22.19,21.02,,-4.57%
2022-05-12,22.72,21.99,23.06,20.65,,7.68%
2022-05-13,19.69,21.11,21.25,19.69,,-13.34%
2022-05-16,20.27,19.94,20.88,19.94,,2.95%
2022-05-17,19.06,19.73,19.73,19.02,,-5.97%
2022-05-18,18.4,18.24,18.74,18.2,,-3.46%
2022-05-19,20.42,20.21,20.44,20.01,,10.98%
2022-05-20,19.1,19.45,19.52,18.92,,-6.46%
2022-05-23,19.44,19.6,19.84,19.24,,1.78%
2022-05-24,20.61,19.54,20.61,19.53,,6.02%
2022-05-25,19.89,20.36,20.5,19.6,,-3.49%
2022-05-26,19.91,19.39,20.2,19.29,,0.10%
2022-05-27,18.8,19.2,19.31,18.73,,-5.58%
2022-05-30,17.74,18.67,18.67,17.74,,-5.64%
2022-05-31,17.26,17.78,18.07,17.26,,-2.71%
2022-06-02,17.6,17.88,17.92,17.6,,1.97%
2022-06-03,16.87,16.97,17.26,16.81,,-4.15%
2022-06-07,18.1,17.92,18.33,17.62,,7.29%
2022-06-08,17.1,17.71,17.84,17.1,,-5.52%
2022-06-09,17,17.31,17.47,16.81,,-0.58%
2022-06-10,18.29,18.2,18.96,18.07,,7.59%
2022-06-13,23.3,21.22,23.85,21.09,,27.39%
2022-06-14,23.74,24.84,25.87,23.18,,1.89%
2022-06-15,24.27,23.7,25.98,23.39,,2.23%
2022-06-16,23.72,22.34,23.8,21.66,,-2.27%
2022-06-17,25.79,26.06,26.87,25.02,,8.73%
2022-06-20,26.37,26.25,27.68,25.66,,2.25%
2022-06-21,23.4,25.54,25.54,23.4,,-11.26%
2022-06-22,25.64,23.24,25.69,23,,9.57%
2022-06-23,25.92,24.57,26.53,24.09,,1.09%
2022-06-24,23.94,25.34,25.44,23.87,,-7.64%
2022-06-27,22.5,24.37,24.4,22.01,,-6.02%
2022-06-28,21.21,22.13,22.29,21.21,,-5.73%
2022-06-29,22.46,22.11,22.83,21.94,,5.89%
2022-06-30,23.9,23,24,22.75,,6.41%
2022-07-01,23.98,23.22,24.84,23.05,,0.33%
2022-07-04,24.07,24.16,25.07,23.96,,0.38%
2022-07-05,22.73,23.43,23.52,22.53,,-5.57%
2022-07-06,24.67,23.98,25.04,23.23,,8.53%
2022-07-07,23.6,23.72,23.79,23.22,,-4.34%
2022-07-08,23,23.13,23.19,22.5,,-2.54%
2022-07-11,23.33,23.24,23.62,22.93,,1.43%
2022-07-12,23.33,23.83,23.97,23.3,,0.00%
2022-07-13,23.3,23.12,23.53,22.82,,-0.13%
2022-07-14,23.32,23.51,23.64,22.86,,0.09%
2022-07-15,22.08,23.08,23.63,22.01,,-5.32%
2022-07-18,20.53,21.48,21.5,20.53,,-7.02%
2022-07-19,20.74,21.01,21.06,20.66,,1.02%
2022-07-20,20.31,20.1,20.63,19.97,,-2.07%
2022-07-21,20.02,20.27,20.47,19.96,,-1.43%
2022-07-22,19.71,19.83,20.05,19.64,,-1.55%
2022-07-25,19.97,20.23,20.38,19.92,,1.32%
2022-07-26,19.38,20.21,20.28,19.37,,-2.95%
2022-07-27,19.39,19.71,20,19.36,,0.05%
2022-07-28,18.36,18.74,18.81,18.36,,-5.31%
2022-07-29,17.79,17.88,18.08,17.65,,-3.10%
2022-08-01,18.22,18.77,18.79,18.19,,2.42%
2022-08-02,19.24,18.79,19.67,18.7,,5.60%
2022-08-03,18.45,19.19,19.34,18.45,,-4.11%
2022-08-04,17.7,18.12,18.13,17.61,,-4.07%
2022-08-05,17,17.28,17.3,16.96,,-3.95%
2022-08-08,17.15,17.6,17.79,17.09,,0.88%
2022-08-09,16.5,16.98,17.08,16.44,,-3.79%
2022-08-10,17.18,16.96,17.55,16.94,,4.12%
2022-08-11,15.74,16.18,16.18,15.65,,-8.38%
2022-08-12,15.45,15.81,15.88,15.38,,-1.84%
2022-08-16,15.42,16.04,16.04,15.39,,-0.19%
2022-08-17,15.51,15.15,15.58,15.09,,0.58%
2022-08-18,15.77,16.15,16.21,15.59,,1.68%
2022-08-19,15.73,15.98,15.99,15.6,,-0.25%
2022-08-22,16.76,17.08,17.08,16.4,,6.55%
2022-08-23,17.72,17.02,17.72,16.89,,5.73%
2022-08-24,17.48,17.23,17.79,17.13,,-1.35%
2022-08-25,16.19,16.83,16.89,16.18,,-7.38%
2022-08-26,16.19,15.95,16.21,15.75,,0.00%
2022-08-29,18.72,18.79,19.1,18.53,,15.63%
2022-08-30,17.47,17.72,18.05,17.47,,-6.68%
2022-08-31,17.31,18.33,18.33,17.09,,-0.92%
2022-09-01,19.2,18.34,19.31,18.28,,10.92%
2022-09-02,19.07,18.77,20.12,18.44,,-0.68%
2022-09-05,18.87,18.74,19.4,18.59,,-1.05%
2022-09-06,18.49,18.36,18.82,18.18,,-2.01%
2022-09-07,19.85,19.32,20.68,19.32,,7.36%
2022-09-08,19.17,19.22,19.24,18.5,,-3.43%
2022-09-13,16.68,17.49,17.54,16.59,,-12.99%
2022-09-14,18.73,18.74,19.07,18.1,,12.29%
2022-09-15,18.39,18.47,18.68,18.06,,-1.82%
2022-09-16,19.13,19.12,19.4,18.86,,4.02%
2022-09-19,19.64,19.54,19.87,19.16,,2.67%
2022-09-20,19.28,18.65,19.55,18.63,,-1.83%
2022-09-21,20.8,19.77,20.8,19.77,,7.88%
2022-09-22,20.47,20.96,21.47,20.27,,-1.59%
2022-09-23,20.33,20.34,20.96,20.29,,-0.68%
2022-09-26,24.02,22.01,24.05,22,,18.15%
2022-09-27,23.62,23.82,24.57,23.45,,-1.67%
2022-09-28,26.59,24.11,27.97,24.03,,12.57%
2022-09-29,25.96,24.46,26.07,24.21,,-2.37%
2022-09-30,27.19,26.37,27.87,25.95,,4.74%
2022-10-04,24.99,26.14,26.14,24.96,,-8.09%
2022-10-05,24.36,23.82,25.24,23.77,,-2.52%
2022-10-06,23.37,24.05,24.08,23.11,,-4.06%
2022-10-07,23.93,24.27,24.27,23.68,,2.40%
2022-10-11,25.78,26.53,26.89,25.69,,7.73%
2022-10-12,24.69,25.77,25.77,24.69,,-4.23%
2022-10-13,27.22,25.25,27.47,25.15,,10.25%
2022-10-14,23.94,24.81,24.86,23.94,,-12.05%
2022-10-17,24.4,25.44,25.66,24.31,,1.92%
2022-10-18,22.86,23.09,23.81,22.86,,-6.31%
2022-10-19,23.21,22.82,23.24,22.25,,1.53%
2022-10-20,24.04,23.45,24.38,23.42,,3.58%
2022-10-21,23.94,24.01,24.18,23.89,,-0.42%
2022-10-24,24.62,23.93,24.97,23.73,,2.84%
2022-10-25,24.23,24.57,24.66,24.12,,-1.58%
2022-10-26,23.42,24.34,24.34,23.41,,-3.34%
2022-10-27,22.12,23.07,23.07,22.11,,-5.55%
2022-10-28,22.71,22.51,22.71,22.22,,2.67%
2022-10-31,21.97,22.62,22.82,21.92,,-3.26%
2022-11-01,21.11,21.69,21.69,21.08,,-3.91%
2022-11-02,21.13,21.39,21.4,20.91,,0.09%
2022-11-03,21.21,21.77,21.89,21.01,,0.38%
2022-11-04,20.84,21.22,21.47,20.84,,-1.74%
2022-11-07,20.82,21.16,21.25,20.81,,-0.10%
2022-11-08,19.99,20.44,20.52,19.86,,-3.99%
2022-11-09,20.1,20.04,20.31,19.95,,0.55%
2022-11-10,21.21,20.77,21.21,20.63,,5.52%
2022-11-11,19.97,20.25,20.33,19.93,,-5.85%
2022-11-14,20.32,20.35,20.59,20.18,,1.75%
2022-11-15,19.63,20.22,20.33,19.58,,-3.40%
2022-11-16,19.87,19.96,20.76,19.8,,1.22%
2022-11-17,20.09,20.06,20.36,19.9,,1.11%
2022-11-18,19.87,20.09,20.09,19.54,,-1.10%
2022-11-21,19.81,20.57,20.74,19.79,,-0.30%
2022-11-22,19.09,19.5,19.53,18.96,,-3.63%
2022-11-23,17.92,18.57,18.57,17.92,,-6.13%
2022-11-24,16.85,17.62,17.64,16.82,,-5.97%
2022-11-25,16.97,17.11,17.11,16.81,,0.71%
2022-11-28,18.12,18.36,18.5,17.93,,6.78%
2022-11-29,17.76,18.21,18.25,17.76,,-1.99%
2022-11-30,17.78,18.04,18.05,17.68,,0.11%
2022-12-01,17.51,17.48,17.82,17.37,,-1.52%
2022-12-02,18.49,18.08,18.62,17.92,,5.60%
2022-12-05,17.98,18.38,18.4,17.96,,-2.76%
2022-12-06,18.19,18.37,18.4,18,,1.17%
2022-12-07,18.45,18.4,18.56,18.13,,1.43%
2022-12-08,18.38,18.37,18.73,18.34,,-0.38%
2022-12-09,17.57,18.02,18.1,17.56,,-4.41%
2022-12-12,18.52,18.63,18.84,18.49,,5.41%
2022-12-13,19.09,18.85,19.23,18.79,,3.08%
2022-12-14,17.27,17.74,17.98,17.21,,-9.53%
2022-12-15,16.71,16.89,16.93,16.49,,-3.24%
2022-12-16,17.03,17.29,17.43,16.98,,1.92%
2022-12-19,17.6,17.86,17.88,17.53,,3.35%
2022-12-20,17.98,17.67,18.22,17.31,,2.16%
2022-12-21,17.62,17.85,18.15,17.62,,-2.00%
2022-12-22,16.6,17.31,17.35,16.57,,-5.79%
2022-12-23,17.43,17.33,17.78,17.22,,5.00%
2022-12-26,17.46,17.91,17.96,17.46,,0.17%
2022-12-27,17.09,17.24,17.41,17.05,,-2.12%
2022-12-28,17.53,17.52,17.66,17.45,,2.57%
2022-12-29,18.4,17.8,18.51,17.79,,4.96%
2023-01-02,18.85,18.77,18.99,18.57,,2.45%
2023-01-03,18.96,19.31,19.99,18.81,,0.58%
2023-01-04,18.17,18.95,18.96,18.17,,-4.17%
2023-01-05,17.85,17.87,18.14,17.75,,-1.76%
2023-01-06,17.74,17.94,18.12,17.69,,-0.62%
2023-01-09,18.48,17.85,18.55,17.81,,4.17%
2023-01-10,18.22,18.52,18.63,18.22,,-1.41%
2023-01-11,17.98,18.27,18.33,17.82,,-1.32%
2023-01-12,18.34,18.15,18.39,17.98,,2.00%
2023-01-13,17.19,17.32,17.36,16.86,,-6.27%
2023-01-16,16.88,17.42,17.42,16.87,,-1.80%
2023-01-17,16.85,17.12,17.19,16.84,,-0.18%
2023-01-18,16.8,17.28,17.37,16.69,,-0.30%
2023-01-19,16.89,17.07,17.16,16.84,,0.54%
2023-01-20,16.81,17.02,17.34,16.81,,-0.47%
2023-01-25,16.84,17.38,17.62,16.84,,0.18%
2023-01-26,16.53,16.79,17.03,16.29,,-1.84%
2023-01-27,16.86,16.86,17.7,16.8,,2.00%
2023-01-30,17.38,17.5,17.63,17.34,,3.08%
2023-01-31,17.75,17.57,17.85,17.28,,2.13%
2023-02-01,17.54,17.64,17.79,17.43,,-1.18%
2023-02-02,17.08,16.9,17.08,16.54,,-2.62%
2023-02-03,17.01,16.98,17.11,16.88,,-0.41%
2023-02-06,17.55,17.38,17.55,17.11,,3.17%
2023-02-07,17.31,17.36,17.58,17.05,,-1.37%
2023-02-08,17.5,17.16,17.64,17.12,,1.10%
2023-02-09,17.95,17.77,17.95,17.53,,2.57%
2023-02-10,17.53,18.14,18.17,17.53,,-2.34%
2023-02-13,18.23,18.31,18.45,18.17,,3.99%
2023-02-14,18.52,18.23,18.52,18.11,,1.59%
2023-02-15,18.18,18,18.34,17.88,,-1.84%
2023-02-16,17.84,17.81,17.92,17.6,,-1.87%
2023-02-17,18.23,18.35,18.41,18.14,,2.19%
2023-02-20,18.64,18.92,19.08,18.53,,2.25%
2023-02-21,18.89,19.11,19.11,18.8,,1.34%
2023-02-22,19.56,19.71,19.74,19.47,,3.55%
2023-02-23,18.99,19.28,19.33,18.79,,-2.91%
2023-02-24,18.81,18.9,19,18.58,,-0.95%
2023-02-27,19.38,19.86,19.96,19.29,,3.03%
2023-02-28,18.53,18.92,18.93,18.46,,-4.39%
2023-03-02,18.31,18.62,18.91,18.24,,-1.19%
2023-03-03,17.69,18.08,18.16,17.68,,-3.39%
2023-03-06,17.18,17.57,17.67,17.15,,-2.88%
2023-03-07,16.95,16.97,17.03,16.8,,-1.34%
2023-03-08,17.21,17.29,17.37,17.08,,1.53%
2023-03-09,16.53,16.85,16.96,16.5,,-3.95%
2023-03-10,17.56,17.77,17.95,17.45,,6.23%
2023-03-13,18.2,18.23,19.02,18.14,,3.64%
2023-03-14,21.11,19.64,21.62,19.6,,15.99%
2023-03-15,18.75,19.34,19.5,18.69,,-11.18%
2023-03-16,19.97,20.7,20.84,19.66,,6.51%
2023-03-17,18.26,18.76,19.14,18.26,,-8.56%
2023-03-20,20.62,19.12,20.62,19.02,,12.92%
2023-03-21,19.51,19.8,20.01,19.45,,-5.38%
2023-03-22,18.29,18.78,18.86,18.28,,-6.25%
2023-03-23,17.97,18.57,18.65,17.85,,-1.75%
2023-03-24,17.59,17.98,18.48,17.58,,-2.11%
2023-03-27,17.97,18.35,18.6,17.97,,2.16%
2023-03-28,16.81,17.4,17.44,16.76,,-6.46%
2023-03-29,16.15,16.6,16.71,16.14,,-3.93%
2023-03-30,15.7,15.98,16,15.68,,-2.79%
2023-03-31,15.57,15.58,15.67,15.46,,-0.83%
2023-04-03,15.88,16.14,16.17,15.84,,1.99%
2023-04-04,15.22,15.68,15.69,15.22,,-4.16%
2023-04-05,15.36,15.3,15.45,15.23,,0.92%
2023-04-06,15.87,15.64,16.13,15.59,,3.32%
2023-04-07,15.35,15.59,15.61,15.25,,-3.28%
2023-04-10,15.72,15.69,15.94,15.59,,2.41%
2023-04-11,15.62,15.64,15.88,15.49,,-0.64%
2023-04-12,15.82,15.82,16.04,15.77,,1.28%
2023-04-13,15.52,15.89,15.91,15.49,,-1.90%
2023-04-14,15.42,15.82,16,15.22,,-0.64%
2023-04-17,15.49,15.91,15.93,15.49,,0.45%
2023-04-18,15.17,15.42,15.47,15.13,,-2.07%
2023-04-19,14.86,15.08,15.16,14.79,,-2.04%
2023-04-20,14.63,14.81,14.85,14.63,,-1.55%
2023-04-21,14.62,14.85,15.03,14.62,,-0.07%
2023-04-24,14.86,15.15,15.15,14.8,,1.64%
2023-04-25,15.02,14.8,15.4,14.54,,1.08%
2023-04-26,15.09,15.14,15.25,14.89,,0.47%
2023-04-27,14.86,15.33,15.61,14.81,,-1.52%
2023-04-28,14.51,14.6,14.9,14.28,,-2.36%
2023-05-02,14.21,14.6,14.65,14.18,,-2.07%
2023-05-03,15.09,14.69,15.18,14.66,,6.19%
2023-05-04,15.27,15.4,15.54,15.15,,1.19%
2023-05-08,14.87,14.96,15.01,14.72,,-2.62%
2023-05-09,14.39,14.97,14.97,14.2,,-3.23%
2023-05-10,14.77,14.46,15.01,14.31,,2.64%
2023-05-11,14.31,14.32,14.36,13.94,,-3.11%
2023-05-12,13.93,14.33,14.41,13.93,,-2.66%
2023-05-15,13.81,14.51,14.57,13.81,,-0.86%
2023-05-16,13.59,13.47,13.68,13.47,,-1.59%
2023-05-17,13.52,13.71,13.73,13.47,,-0.52%
2023-05-18,13.54,13.36,13.63,13.29,,0.15%
2023-05-19,14.13,13.7,14.26,13.67,,4.36%
2023-05-22,14.74,14.96,15.15,14.67,,4.32%
2023-05-23,14.56,14.84,14.85,14.56,,-1.22%
2023-05-24,14.87,14.78,14.91,14.67,,2.13%
2023-05-25,15.07,14.95,15.15,14.91,,1.34%
2023-05-26,14.96,15,15.1,14.92,,-0.73%
2023-05-30,14.79,15.33,15.34,14.79,,-1.14%
2023-05-31,14.8,14.88,14.9,14.63,,0.07%
2023-06-01,14.35,14.65,14.71,14.34,,-3.04%
2023-06-02,13.96,14.06,14.09,13.82,,-2.72%
2023-06-05,14.08,14.16,14.26,13.99,,0.86%
2023-06-07,13.71,13.91,13.91,13.63,,-2.63%
2023-06-08,13.44,13.53,13.55,13.11,,-1.97%
2023-06-09,13.16,13.27,13.5,13.02,,-2.08%
2023-06-12,13.45,13.64,13.67,13.45,,2.20%
2023-06-13,13.76,13.8,14.1,13.7,,2.30%
2023-06-14,13.55,13.81,13.83,13.42,,-1.53%
2023-06-15,13.25,13.3,13.43,13.16,,-2.21%
2023-06-16,13.13,13.61,13.61,13.11,,-0.91%
2023-06-19,13.35,13.69,13.8,13.35,,1.68%
2023-06-20,13.02,13.41,13.44,13.01,,-2.47%
2023-06-21,13.36,13.12,13.39,13.03,,2.61%
2023-06-22,13.24,13.37,13.44,13.23,,-0.90%
2023-06-23,13.04,13.11,13.25,13.04,,-1.51%
2023-06-26,13.46,13.62,13.66,13.45,,3.22%
2023-06-27,13.18,13.62,13.67,13.18,,-2.08%
2023-06-28,13.1,13.28,13.36,13.09,,-0.61%
2023-06-29,12.93,12.9,12.95,12.63,,-1.30%
2023-06-30,12.59,13.18,13.28,12.57,,-2.63%
2023-07-03,12.73,12.83,13.01,12.73,,1.11%
2023-07-04,12.27,12.75,12.76,12.25,,-3.61%
2023-07-05,12.37,12.45,12.49,11.99,,0.81%
2023-07-06,12.98,12.57,12.98,12.2,,4.93%
2023-07-07,14.58,13.87,15.04,13.84,,12.33%
2023-07-10,14.63,14.42,14.69,14.1,,0.34%
2023-07-11,13.82,13.92,14.12,13.68,,-5.54%
2023-07-12,13.76,13.73,14,13.7,,-0.43%
2023-07-13,13.25,13.42,13.46,13.17,,-3.71%
2023-07-14,13.19,12.91,13.65,12.7,,-0.45%
2023-07-17,13.21,13.51,13.58,13.21,,0.15%
2023-07-18,13.07,13.28,13.4,13.07,,-1.06%
2023-07-19,12.91,13.09,13.14,12.87,,-1.22%
2023-07-20,13.22,13.24,13.24,13.1,,2.40%
2023-07-21,13.35,13.74,13.92,13.35,,0.98%
2023-07-24,14.12,13.9,14.12,13.88,,5.77%
2023-07-25,14.08,14.24,14.37,14.06,,-0.28%
2023-07-26,14.53,14.2,14.7,14.19,,3.20%
2023-07-27,13.9,14.4,14.4,13.84,,-4.34%
2023-07-28,14.15,14.34,14.65,14.09,,1.80%
2023-07-31,14.21,14.35,14.54,14.2,,0.42%
2023-08-01,14.06,14.25,14.31,13.96,,-1.06%
2023-08-02,15.36,14.39,15.46,14.39,,9.25%
2023-08-03,15.88,15.4,16.14,15.37,,3.39%
2023-08-04,15.55,15.84,16.01,15.42,,-2.08%
2023-08-07,15.71,15.97,15.98,15.34,,1.03%
2023-08-08,15.4,15.12,16.04,14.86,,-1.97%
2023-08-09,14.15,15.32,15.32,14,,-8.12%
2023-08-10,14,14.5,14.52,13.86,,-1.06%
2023-08-11,13.44,13.68,13.8,13.43,,-4.00%
2023-08-14,14.14,14.01,14.53,13.84,,5.21%
2023-08-16,15.15,14.89,15.39,14.83,,7.14%
2023-08-17,15.57,15.86,16.74,15.5,,2.77%
2023-08-18,16.03,16.92,17.09,15.75,,2.95%
2023-08-21,16.03,16.28,16.29,15.63,,0.00%
2023-08-22,15.33,15.51,15.51,15.02,,-4.37%
2023-08-23,14.97,15.72,15.72,14.96,,-2.35%
2023-08-24,13.94,14.31,14.33,13.8,,-6.88%
2023-08-25,14.86,15.2,15.23,14.69,,6.60%
2023-08-28,14.18,14.53,14.57,14.15,,-4.58%
2023-08-29,13.49,13.89,14.04,13.44,,-4.87%
2023-08-30,13.05,13.14,13.19,12.86,,-3.26%
2023-08-31,12.78,12.88,12.91,12.7,,-2.07%
2023-09-01,12.53,12.74,12.77,12.42,,-1.96%
2023-09-04,12.49,12.82,12.88,12.42,,-0.32%
2023-09-05,12.42,12.51,12.53,12.31,,-0.56%
2023-09-06,12.46,12.39,12.56,12.27,,0.32%
2023-09-07,12.69,12.55,12.72,12.39,,1.85%
2023-09-08,12.4,12.51,12.79,12.4,,-2.29%
2023-09-11,12.42,12.55,12.73,12.37,,0.16%
2023-09-12,12.4,12.24,12.55,12.21,,-0.16%
2023-09-13,12.64,12.54,12.66,12.27,,1.94%
2023-09-14,12.02,12.42,12.43,11.96,,-4.91%
2023-09-15,11.73,11.92,12.11,11.72,,-2.41%
2023-09-18,12.85,12.76,12.9,12.69,,9.55%
2023-09-19,12.95,12.85,13.11,12.83,,0.78%
2023-09-20,13.03,13.11,13.18,13,,0.62%
2023-09-21,13.96,13.33,14,13.23,,7.14%
2023-09-22,14.18,15.25,15.51,14.12,,1.58%
2023-09-25,14.1,14.72,14.72,14.04,,-0.56%
2023-09-26,14.74,14.12,14.88,14.11,,4.54%
2023-09-27,15.08,15.43,15.43,14.94,,2.31%
2023-10-04,18.09,17.16,18.13,17.16,,19.96%
2023-10-05,17.34,17.1,17.62,16.96,,-4.15%
2023-10-06,17.39,17.11,17.39,16.83,,0.29%
2023-10-10,17.56,16.77,17.58,16.61,,0.98%
2023-10-11,16.74,16.78,16.82,16.33,,-4.67%
2023-10-12,15.7,16.21,16.32,15.7,,-6.21%
2023-10-13,15.95,16.28,16.35,15.93,,1.59%
2023-10-16,17.07,16.92,17.63,16.76,,7.02%
2023-10-17,16.18,16.23,16.49,15.98,,-5.21%
2023-10-18,16,16.36,16.43,15.9,,-1.11%
2023-10-19,18.23,17.34,18.23,17.18,,13.94%
2023-10-20,19.53,19.02,20.36,18.95,,7.13%
2023-10-23,19.65,19.92,19.93,19.41,,0.61%
2023-10-24,18.82,19.07,20.14,18.74,,-4.22%
2023-10-25,18.56,18.39,18.67,18.29,,-1.38%
2023-10-26,21.14,20.19,21.19,19.87,,13.90%
2023-10-27,20.02,19.98,20.41,19.79,,-5.30%
2023-10-30,20.03,21.04,21.04,19.88,,0.05%
2023-10-31,19.89,19.25,20.12,19.05,,-0.70%
2023-11-01,18.79,19.09,19.2,18.74,,-5.53%
2023-11-02,17.49,17.73,17.88,17.27,,-6.92%
2023-11-03,16.7,17.01,17.18,16.67,,-4.52%
2023-11-06,18.65,16.85,18.97,16.66,,11.68%
2023-11-07,18.23,18.04,19.18,17.88,,-2.25%
2023-11-08,17.56,17.84,18.11,17.43,,-3.68%
2023-11-09,16.84,17.22,17.29,16.38,,-4.10%
2023-11-10,17.13,17.21,17.43,17.12,,1.72%
2023-11-13,17.68,17.43,17.97,17.43,,3.21%
2023-11-14,17.35,17.51,17.55,17.3,,-1.87%
2023-11-15,17.24,16.72,17.42,16.72,,-0.63%
2023-11-16,16.98,17.21,17.28,16.86,,-1.51%
2023-11-17,16.55,16.84,16.95,16.55,,-2.53%
2023-11-20,16.68,16.85,16.91,16.56,,0.79%
2023-11-21,16.18,16.36,16.51,16.17,,-3.00%
2023-11-22,15.88,16.27,16.28,15.86,,-1.85%
2023-11-23,15.13,16,16.02,15.13,,-4.72%
2023-11-24,15.04,15.07,15.15,14.9,,-0.59%
2023-11-27,15.2,15.42,15.46,15.15,,1.06%
2023-11-28,15.35,15.57,15.75,15.32,,0.99%
2023-11-29,14.6,14.86,15.02,14.58,,-4.89%
2023-11-30,14.46,14.61,14.69,14.32,,-0.96%
2023-12-01,14.5,14.52,14.81,14.5,,0.28%
2023-12-04,14.61,14.9,14.97,14.56,,0.76%
2023-12-05,14.84,14.62,14.84,14.54,,1.57%
2023-12-06,14.56,14.49,14.56,14.34,,-1.89%
2023-12-07,16.85,16.75,16.88,16.64,,15.73%
2023-12-08,14.76,14.79,14.94,14.59,,-12.40%
2023-12-11,14.59,14.8,14.94,14.56,,-1.15%
2023-12-12,14.45,14.42,14.65,14.32,,-0.96%
2023-12-13,14.3,14.3,14.4,14.09,,-1.04%
2023-12-14,14.11,14.25,14.28,13.84,,-1.33%
2023-12-15,13.98,13.89,14.61,13.87,,-0.92%
2023-12-18,14.27,14.57,14.57,14.21,,2.07%
2023-12-19,13.85,14.31,14.35,13.85,,-2.94%
2023-12-20,14.78,13.92,15.42,13.79,,6.71%
2023-12-21,14.93,14.91,15.09,14.72,,1.01%
2023-12-22,14.97,15.32,15.34,14.93,,0.27%
2023-12-26,16.25,15.83,16.31,15.75,,8.55%
2023-12-27,16.55,16.42,16.94,16.23,,1.85%
2023-12-28,17.78,16.62,17.78,16.42,,7.43%
2024-01-02,18.61,18.21,19.16,18.17,,4.67%
2024-01-03,18.28,18.58,18.58,18.16,,-1.77%
2024-01-04,18.2,18.42,18.43,17.87,,-0.44%
2024-01-05,17.8,18.04,18.11,17.67,,-2.20%
2024-01-08,17.77,17.98,18.03,17.59,,-0.17%
2024-01-09,17.42,17.78,17.78,17.15,,-1.97%
2024-01-10,16.79,17.18,17.3,16.79,,-3.62%
2024-01-11,17.14,16.61,17.65,16.61,,2.08%
2024-01-12,16.77,17.11,17.37,16.77,,-2.16%
2024-01-15,16.84,17.25,17.28,16.84,,0.42%
2024-01-16,17.18,17.03,17.48,17.03,,2.02%
2024-01-17,19.31,17.18,19.49,17.17,,12.40%
2024-01-18,18.32,19.15,19.37,18.3,,-5.13%
2024-01-19,17.64,18.04,18.04,17.53,,-3.71%
2024-01-22,18.01,17.88,18.17,17.84,,2.10%
2024-01-23,17.39,17.94,17.97,17.39,,-3.44%
2024-01-24,17.07,17.32,17.87,17.07,,-1.84%
2024-01-25,16.92,17.28,17.42,16.92,,-0.88%
2024-01-26,16.96,17.17,17.37,16.86,,0.24%
2024-01-29,17.27,17.58,17.72,17.09,,1.83%
2024-01-30,17.11,17.35,17.6,17.08,,-0.93%
2024-01-31,17.02,17.44,17.45,16.98,,-0.53%
2024-02-01,16.79,17.33,17.48,16.77,,-1.35%
2024-02-02,17.79,16.71,18.12,16.68,,5.96%
2024-02-05,18.06,18,18.33,17.85,,1.52%
2024-02-06,17.59,17.9,18.14,17.44,,-2.60%
2024-02-07,17.62,17.68,18.03,17.52,,0.17%
2024-02-08,17.24,17.69,17.86,17.24,,-2.16%
2024-02-13,18.02,18.26,18.52,18.02,,4.52%
2024-02-14,17.98,18.56,18.63,17.93,,-0.22%
2024-02-15,17.79,17.73,17.93,17.63,,-1.06%
2024-02-16,17.41,17.82,17.88,17.41,,-2.14%
2024-02-19,18.02,17.96,18.37,17.88,,3.50%
2024-02-20,18.09,18.19,18.38,18.03,,0.39%
2024-02-21,18.5,18.36,18.51,18.26,,2.27%
2024-02-22,18.22,18.37,18.44,18.12,,-1.51%
2024-02-23,18.31,18.56,18.74,18.28,,0.49%
2024-02-26,17.94,18.91,18.91,17.9,,-2.02%
2024-02-27,17.16,18.09,18.1,17.15,,-4.35%
2024-02-28,16.83,17.09,17.24,16.74,,-1.92%
2024-02-29,16.77,16.92,16.93,16.54,,-0.36%
2024-03-04,17.33,17.25,17.84,17.16,,3.34%
2024-03-05,17.13,17.28,17.3,16.94,,-1.15%
2024-03-06,17.25,17.26,17.57,17.22,,0.70%
2024-03-07,17.25,17.22,17.48,17.11,,0.00%
2024-03-08,17.25,17.73,17.76,17.2,,0.00%
2024-03-11,18.05,17.75,18.09,17.61,,4.64%
2024-03-12,17.8,17.92,17.97,17.67,,-1.39%
2024-03-13,16.93,17.42,17.49,16.92,,-4.89%
2024-03-14,16.51,16.78,16.79,16.43,,-2.48%
2024-03-15,16.83,16.76,17.02,16.65,,1.94%
2024-03-18,17.12,17.34,17.46,16.95,,1.72%
2024-03-19,16.78,17.04,17.33,16.78,,-1.99%
2024-03-20,16.92,16.63,17.18,16.48,,0.83%
2024-03-21,17.53,17.08,17.96,16.71,,3.61%
2024-03-22,17.13,17.48,17.82,17.11,,-2.28%
2024-03-25,17.35,17.63,17.84,17.29,,1.28%
2024-03-26,17.34,17.49,17.9,17.28,,-0.06%
2024-03-27,17.14,17.22,17.34,17.1,,-1.15%
2024-03-28,16.88,17.15,17.23,16.77,,-1.52%
2024-03-29,16.84,17.02,17.03,16.74,,-0.24%
2024-04-01,17.13,17.15,17.36,17.07,,1.72%
2024-04-02,17.1,17.25,17.36,17.02,,-0.18%
2024-04-03,17.63,17.43,17.65,17.24,,3.10%
2024-04-04,17.2,17.52,17.59,17.06,,-2.44%
2024-04-05,18.12,17.92,18.22,17.79,,5.35%
2024-04-08,18.16,18.33,18.38,17.97,,0.22%
2024-04-09,18.09,17.68,18.09,17.52,,-0.39%
2024-04-11,18.03,18.58,18.6,17.91,,-0.33%
2024-04-12,17.59,17.78,18.29,17.47,,-2.44%
2024-04-15,18.45,18.86,19.32,18.45,,4.89%
2024-04-16,19.95,19.2,20.31,19.11,,8.13%
2024-04-17,20.02,19.39,20.03,19.21,,0.35%
2024-04-18,19.42,19.69,19.8,19.22,,-3.00%
2024-04-19,21.22,19.83,25.29,19.81,,9.27%
2024-04-22,19.8,20.71,20.81,19.76,,-6.69%
2024-04-23,18.93,19.63,19.64,18.87,,-4.39%
2024-04-24,18.02,18.05,18.21,17.88,,-4.81%
2024-04-25,18.82,18.55,18.83,18.28,,4.44%
2024-04-26,18.32,18.38,18.68,18.07,,-2.66%
2024-04-29,18.13,18.49,18.5,18.11,,-1.04%
2024-04-30,18.14,18.16,18.23,17.92,,0.06%
2024-05-02,17.88,18.16,18.18,17.83,,-1.43%
2024-05-03,17.51,17.47,17.56,17.22,,-2.07%
2024-05-07,17.21,17.4,17.4,17.01,,-1.71%
2024-05-08,16.46,16.96,16.96,16.44,,-4.36%
2024-05-09,16.49,16.22,16.72,16.2,,0.18%
2024-05-10,16.29,16.11,16.54,16.1,,-1.21%
2024-05-13,16.6,16.59,16.85,16.56,,1.90%
2024-05-14,16.73,16.58,16.74,16.54,,0.78%
2024-05-16,15.98,16.14,16.21,15.91,,-4.48%
2024-05-17,15.98,16.03,16.16,15.92,,0.00%
2024-05-20,15.95,16.26,16.32,15.89,,-0.19%
2024-05-21,15.85,16.01,16.18,15.84,,-0.63%
2024-05-22,15.71,15.93,16.17,15.63,,-0.88%
2024-05-23,15.22,15.69,15.91,15.16,,-3.12%
2024-05-24,15.43,15.97,16.03,15.43,,1.38%
2024-05-27,15.21,15.69,15.76,15.18,,-1.43%
2024-05-28,15.07,15.33,15.38,15.07,,-0.92%
2024-05-29,15.66,15.19,15.89,15.1,,3.92%
2024-05-30,16.82,16.14,16.96,16.01,,7.41%
2024-05-31,16.9,16.31,17.06,16.31,,0.48%
2024-06-03,16.69,16.78,16.87,16.51,,-1.24%
2024-06-04,16.64,16.94,16.95,16.53,,-0.30%
2024-06-05,16.56,16.2,16.91,16.2,,-0.48%
2024-06-07,16.64,16.46,16.78,16.32,,0.48%
2024-06-10,17.17,17.01,17.17,16.92,,3.19%
2024-06-11,17.16,17.13,17.21,16.95,,-0.06%
2024-06-12,17.4,17.3,17.48,16.94,,1.40%
2024-06-13,16.52,16.59,16.64,16.39,,-5.06%
2024-06-14,16.03,16.52,16.58,16.02,,-2.97%
2024-06-17,16.71,16.8,16.92,16.71,,4.24%
2024-06-18,16.34,16.61,16.69,16.31,,-2.21%
2024-06-19,16.33,16.11,16.46,16.11,,-0.06%
2024-06-20,16.56,16.44,16.59,16.35,,1.41%
2024-06-21,16.52,16.58,16.77,16.4,,-0.24%
2024-06-24,17.02,16.89,17.19,16.87,,3.03%
2024-06-25,16.98,17.11,17.16,16.95,,-0.24%
2024-06-26,16.74,17.04,17.2,16.74,,-1.41%
2024-06-27,16.57,16.67,16.84,16.44,,-1.02%
2024-06-28,16.1,16.57,16.65,16.09,,-2.84%
2024-07-01,16.05,16.53,16.63,16.05,,-0.31%
2024-07-02,15.88,16.08,16.15,15.8,,-1.06%
2024-07-03,15.55,15.71,15.86,15.49,,-2.08%
2024-07-04,16.36,15.43,16.38,15.35,,5.21%
2024-07-05,16.72,16.23,17.53,16.16,,2.20%
2024-07-08,16.81,17.18,17.23,16.78,,0.54%
2024-07-09,16.28,16.62,16.73,16.2,,-3.15%
2024-07-10,16.08,16.26,16.28,16,,-1.23%
2024-07-11,16.12,16.18,16.37,16.04,,0.25%
2024-07-12,16.44,16.33,16.78,16.26,,1.99%
2024-07-15,16.47,16.9,17.11,16.47,,0.18%
2024-07-16,16.34,16.68,16.73,16.32,,-0.79%
2024-07-17,16.53,16.36,16.61,16.28,,1.16%
2024-07-18,16.79,17.03,17.25,16.7,,1.57%
2024-07-19,17.27,17.4,17.99,17.23,,2.86%
2024-07-22,18.39,18,18.79,17.99,,6.49%
2024-07-23,17.47,17.94,18.01,17.38,,-5.00%
2024-07-24,17.42,17.42,17.65,17.29,,-0.29%
2024-07-25,18.77,18.47,19,18.23,,7.75%
2024-07-26,17.98,18.65,18.67,17.87,,-4.21%
2024-07-29,17.51,17.77,17.87,17.46,,-2.61%
2024-07-30,17.78,18.04,18.09,17.75,,1.54%
2024-07-31,17.51,17.96,17.98,17.35,,-1.52%
2024-08-01,17.12,17.24,17.34,17.04,,-2.23%
2024-08-02,21.77,18.94,21.94,18.82,,27.16%
2024-08-05,45.86,25.71,48.51,25.7,,110.66%
2024-08-06,43.08,39.24,48.19,37.87,,-6.06%
2024-08-07,30.17,41.71,41.71,30.17,,-29.97%
2024-08-08,29.02,33.86,33.86,28.43,,-3.81%
2024-08-09,26.53,26.31,27.39,25.53,,-8.58%
2024-08-12,24.49,25.74,26.03,24.49,,-7.69%
2024-08-13,23.64,23.87,24.73,23.26,,-3.47%
2024-08-14,22.1,22.11,22.56,21.62,,-6.51%
2024-08-16,19.9,19.77,19.97,19.37,,-9.95%
2024-08-19,23.22,20.12,24.37,20.12,,16.68%
2024-08-20,21.03,21.37,21.74,21.03,,-9.43%
2024-08-21,21.18,21.55,21.55,21.12,,0.71%
2024-08-22,21.16,21.06,21.37,20.91,,-0.09%
2024-08-23,21.28,21.37,21.54,20.97,,0.57%
2024-08-26,20.96,21.29,21.39,20.92,,-1.50%
2024-08-27,19.76,20.72,20.82,19.76,,-5.73%
2024-08-28,19.38,19.59,19.75,19.21,,-1.92%
2024-08-29,19.8,20.1,20.29,19.78,,2.17%
2024-08-30,18.81,19.21,19.23,18.67,,-5.00%
2024-09-02,19.34,19.31,20.28,19.07,,2.82%
2024-09-03,19.73,19.31,19.74,18.92,,2.02%
2024-09-04,26.04,24.83,26.61,23.76,,31.98%
2024-09-05,25.5,24.84,26.33,23.67,,-2.07%
2024-09-06,26.81,25.17,27.84,25.07,,5.14%
2024-09-09,25.61,28.76,29.09,25.61,,-4.48%
2024-09-10,23.84,24.78,25.39,23.77,,-6.91%
2024-09-11,24.06,23.57,25.41,23.57,,0.92%
2024-09-12,21.73,22.55,22.69,21.64,,-9.68%
2024-09-13,21.68,21.26,21.91,21.16,,-0.23%
2024-09-19,22.16,22.05,23.37,22.03,,2.21%
2024-09-20,21,21.22,21.29,20.77,,-5.23%
2024-09-23,21.49,21.56,21.72,21.41,,2.33%
2024-09-24,22.26,21.26,22.62,20.99,,3.58%
2024-09-25,23.91,22.7,24.98,22.56,,7.41%
2024-09-26,25.63,23.77,25.63,23.77,,7.19%
2024-09-27,25.4,25.43,25.74,25.14,,-0.90%
2024-09-30,25.44,25.92,26.3,24.87,,0.16%
2024-10-02,25.89,26.91,26.91,25.74,,1.77%
2024-10-04,25.84,26.16,26.23,25.53,,-0.19%
2024-10-07,25.41,26.05,26.33,25.23,,-1.66%
2024-10-08,25.62,26.18,26.28,25.62,,0.83%
2024-10-10,23.27,24.36,24.94,23.11,,-9.17%
2024-10-11,21.99,23.06,23.27,21.99,,-5.50%
2024-10-14,21.81,22.6,22.6,21.81,,-0.82%
2024-10-15,21.24,21.43,21.83,21.13,,-2.61%
2024-10-16,21.65,22.13,22.24,21.61,,1.93%
2024-10-17,21.09,21.45,21.6,20.93,,-2.59%
2024-10-18,20.75,20.87,21.4,20.71,,-1.61%
2024-10-21,20.9,21.26,21.35,20.66,,0.72%
2024-10-22,21.7,20.88,22.21,20.79,,3.83%
2024-10-23,21.54,21.65,21.96,21.37,,-0.74%
2024-10-24,22.09,22.17,22.62,22.03,,2.55%
2024-10-25,22.12,21.99,22.48,21.94,,0.14%
2024-10-28,21.92,22.75,22.79,21.92,,-0.90%
2024-10-29,21.44,22.17,22.28,21.43,,-2.19%
2024-10-30,21.55,21.52,21.9,21.35,,0.51%
2024-10-31,22.65,22.07,22.92,22.07,,5.10%
2024-11-01,22.95,23.67,23.9,22.92,,1.32%
